n	price	totsp	livesp	kitsp	dist	metrdist	walk	brick	floor	code
1	81	58	40	6	12.5	7	1	1	1	3
2	75	44	28	6	13.5	7	1	0	1	6
3	128	70	42	6	14.5	3	1	1	1	3
4	95	61	37	6	13.5	7	1	0	1	1
5	330	104	60	11	10.5	7	0	1	1	3
6	137	76	50	9	11	7	1	1	1	8
7	98	59	39	6	7.5	10	0	0	1	8
8	88	55	36	6	9	5	1	1	0	4
9	225	80	56	9	9	5	1	1	1	3
10	140	86	51	10	12.7	10	1	0	1	5
11	132	96	56	12	10.5	7	0	0	1	3
12	115	77	50	9	3.5	7	1	0	0	7
13	142	70	47	8	7.5	5	1	0	1	3
14	84	63	44	7	14.5	10	0	0	1	3
15	100	66	43	7	12	7	0	0	1	7
16	110	75	50	10	13.5	10	0	0	1	6
17	170	87	58	8	7.5	7	1	1	1	3
18	175	79	50	9	4.5	1	1	1	0	8
19	96	60	43	6	12	15	1	0	1	7
20	110	85	54	10	6	10	0	1	1	6
21	170	84	55	11	3	15	1	1	0	1
22	125	62	40	8	12.5	5	1	0	1	2
23	135	72	51	8	9	5	1	1	1	3
24	95	58	38	6	12	8	1	0	1	1
25	148	92	61	10	10.5	15	1	1	1	7
26	56	68	43	7	13.5	10	0	1	1	6
27	135	82	46	13	12	5	1	0	1	5
28	130	73	52	7	11	5	1	1	1	8
29	72	49	34	6	7	10	0	0	1	5
30	127	85	46	14	12	7	1	1	1	5
31	140	65	44	8	4.5	5	1	0	1	8
32	112	73	51	8	10.5	7	0	1	1	3
33	120	83	56	10	12	15	1	1	1	5
34	130	70	47	8	9	5	1	0	1	4
35	110	75	43	10	12.7	5	1	0	1	5
36	450	125	80	20	9	3	1	0	1	4
37	159	81	56	8	7.5	15	1	1	0	8
38	120	77	47	12	13.5	10	1	0	1	1
39	132	77	41	10	10	7	0	0	1	6
40	169	68	40	8	3	5	1	1	1	1
41	185	75	47	9	3	3	1	1	0	1
42	92	61	33	7	10.5	10	1	1	0	7
43	88	60	43	6	12	5	0	0	0	7
44	90	58	43	6	13.5	2	1	0	1	6
45	115	77	50	9	6	10	1	1	1	6
46	265	100	56	14	7	10	0	0	1	4
47	129	79	46	13	12	15	1	0	1	1
48	110	65	46	7	12.5	5	1	0	1	2
49	102	60	43	6	12	5	0	1	1	7
50	101	77	45	13	13	10	0	0	1	5
51	86	60	42	7	12	10	0	0	1	8
52	115	75	42	8	12	15	0	0	1	7
53	87	64	46	7	12	5	1	0	1	5
54	140	99	51	12	10.5	1	1	0	0	7
55	219	113	60	20	9	10	1	0	1	3
56	79	51	34	6	13.5	5	1	0	1	6
57	180	81	50	11	7.5	5	1	1	0	3
58	89	62	38	9	13	4	0	0	0	5
59	340	83	49	19	9	5	1	1	1	3
60	112	75	42	10	12	5	0	0	1	5
61	99	67	37	7	10.5	10	0	1	1	3
62	170	89	51	12	12.7	6	1	0	0	5
63	198	80	45	10	7	7	0	0	1	4
64	89	51	34	6	3.5	10	1	0	0	7
65	193	78	55	8	7.5	10	1	0	1	3
66	100	57	42	6	11	10	1	1	1	5
67	135	77	47	10	13.5	10	0	0	1	1
68	100	78	44	8	13.5	20	0	0	1	1
69	136	64	38	8	3	3	1	0	1	1
70	133	80	48	10	10.5	10	1	0	0	7
71	145	85	58	8	12	4	1	1	1	8
72	105	79	52	10	14.5	10	0	0	0	3
73	97	53	34	6	9	5	1	0	1	4
74	220	103	49	13	14.5	10	1	1	1	3
75	125	77	45	10	12	10	1	0	1	5
76	110	81	45	10	13	12	1	0	1	5
77	153	87	66	9	7.5	10	1	1	1	8
78	137	74	44	10	15.5	8	0	0	1	1
79	85	59	45	6	12	5	1	0	1	5
80	95	64	45	6	12.5	10	1	0	0	2
81	115	67	41	9	14.5	7	0	0	1	2
82	76	55	36	6	12.5	15	0	1	0	3
83	139	80	48	10	10.5	15	1	0	1	7
84	350	80	44	14	10.5	10	1	1	0	7
85	105	66	40	8	12.5	5	1	0	1	2
86	110	51	34	6	3.5	7	1	0	1	7
87	99	66	44	8	12	5	1	0	0	5
88	90	60	45	6	13.5	5	1	0	1	6
89	130	80	46	10	10.5	15	1	0	1	7
90	165	65	45	9	9	10	1	1	1	3
91	130	75	44	11	13.5	10	0	0	1	1
92	158	78	48	9	9	4	1	1	1	4
93	380	130	72	15	7	5	0	0	1	4
94	210	80	42	20	8	5	1	0	1	1
95	116	75	51	9	3.5	5	0	1	0	7
96	140	76	44	10	12.5	5	1	0	1	2
97	130	86	54	13	6	10	1	0	1	6
98	82	51	35	6	12.5	5	1	0	1	2
99	208	115	70	14	10	3	1	1	1	6
100	99	65	40	8	17	12	1	0	0	2
101	110	77	46	11	13	2	1	0	1	5
102	470	120	75	18	9	10	1	1	1	3
103	105	57	42	6	3	15	1	1	1	1
104	169	70	44	8	8	5	1	1	1	1
105	94	64	45	7	12.5	12	1	0	1	2
106	136	78	46	10	12.5	5	0	0	0	2
107	88	55	38	6	6.5	10	1	1	0	2
108	130	81	56	9	6	7	1	1	1	6
109	150	87	55	10	12	3	1	0	1	8
110	84	58	43	5	12	15	1	1	0	7
111	74	60	43	6	13.5	5	0	0	0	6
112	138	77	45	10	13	5	0	0	1	5
113	125	62	42	10	12	10	1	0	1	1
114	105	57	40	6	4.5	5	1	1	1	8
115	138	70	45	8	10.5	10	1	1	1	3
116	129	86	55	10	10.5	10	0	0	0	3
117	120	56	42	6	12	5	1	1	1	7
118	95	64	39	8	12	15	1	0	1	7
119	82	56	39	5	10.5	5	0	1	1	3
120	74	51	35	6	13.5	10	1	0	0	6
121	110	83	47	10	17	10	1	0	1	4
122	87	60	43	6	12	7	0	0	1	7
123	190	81	46	12	12	5	0	0	1	8
124	90	58	43	6	17	10	1	0	1	4
125	152	79	53	8	9	3	1	0	1	4
126	120	74	40	12	12.7	7	1	1	1	5
127	195	83	55	10	4.5	3	1	1	0	8
128	144	80	51	10	13.5	10	1	0	1	1
129	149	78	48	13	4.5	5	1	1	1	8
130	140	56	40	5	9	5	1	1	0	3
131	105	57	44	6	9	5	1	1	0	4
132	185	73	45	8	3	2	1	1	1	1
133	115	78	54	8	11.5	10	1	1	1	6
134	115	74	45	10	13	15	1	0	1	5
135	106	58	44	6	7	10	0	0	0	4
136	92	64	39	8	12	7	0	0	1	1
137	105	56	42	6	3	15	1	1	1	1
138	120	82	44	11	12.7	12	1	0	1	5
139	52	86	46	9	12	10	0	0	1	7
140	169	95	58	14	9	7	0	1	1	4
141	225	80	53	9	7	5	1	1	1	4
142	94	59	43	5	14.5	5	0	0	1	3
143	99	76	45	10	12	10	1	0	1	5
144	86	51	35	6	17	10	1	0	0	4
145	177	80	50	9	4.5	2	1	0	0	8
146	113	75	45	10	12	7	1	0	1	5
147	110	76	46	10	13	7	1	0	1	5
148	145	78	50	10	12	3	1	0	1	5
149	90	56	41	5	6	15	1	1	1	6
150	199	127	62	20	13.5	10	0	1	1	1
151	372	158	80	20	10.5	10	1	0	1	3
152	95	58	42	6	7.5	15	1	1	1	3
153	78	51	34	6	13.5	10	1	1	1	6
154	135	84	45	11	12	10	0	0	1	7
155	100	80	45	12	12.7	15	1	0	1	5
156	153	76	46	10	9	5	0	0	1	4
157	95	65	47	9	13.5	7	1	0	1	6
158	103	60	43	6	12.5	5	1	0	1	2
159	114	80	45	13	12	7	1	0	0	5
160	113	85	46	10	12	15	0	0	1	7
161	108	80	52	10	12	10	0	0	1	7
162	107	74	44	11	13	5	0	0	0	5
163	100	77	52	9	10.5	15	0	1	1	3
164	106	76	43	12	13	5	0	0	0	5
165	84	60	44	6	13.5	7	0	0	1	1
166	139	73	51	9	7.5	10	0	1	0	8
167	106	76	46	10	13	5	0	0	1	5
168	124	78	55	8	13.5	10	1	1	1	1
169	112	65	40	8	17	5	1	0	0	2
170	110	65	43	7	12	10	0	0	1	7
171	80	60	44	6	13.5	10	0	0	1	6
172	115	58	41	5	7.5	7	1	1	0	3
173	110	83	47	10	17	10	1	0	1	4
174	138	68	46	8	9	10	1	0	1	4
175	50	63	47	7	12	20	0	1	0	7
176	132	77	43	8	12.5	5	1	0	1	2
177	80	58	43	6	10	10	1	1	1	6
178	88	59	44	6	13.5	10	1	0	1	6
179	194	106	60	17	9	5	0	1	1	4
180	130	78	54	8	7.5	10	0	0	1	8
181	86	50	34	6	12	10	0	0	0	8
182	128	70	50	8	5	5	1	1	0	4
183	155	85	53	7	4.5	10	1	0	0	8
184	270	105	74	18	5	1	1	1	1	4
185	85	60	43	6	14.5	6	0	0	1	2
186	135	76	44	10	12.7	2	1	0	0	5
187	200	122	68	12	10	5	1	0	1	6
188	90	51	35	6	7	3	1	0	1	4
189	133	65	47	8	12.5	2	1	0	1	3
190	103	69	44	9	14.5	10	0	0	1	3
191	89	61	44	6	12.5	10	1	0	1	2
192	81	56	39	6	11.5	10	1	0	1	6
193	106	58	42	6	12	5	1	1	1	8
194	166	77	45	11	10.5	15	1	1	1	3
195	78	55	37	6	11.5	2	1	1	1	6
196	110	77	45	10	12	10	0	0	1	7
197	120	74	44	10	12.7	10	1	0	1	5
198	100	80	51	10	13.5	10	0	0	1	6
199	127	76	42	10	13.5	10	0	0	1	6
200	150	75	46	11	9	15	1	0	1	4
201	99	79	62	6	17	2	1	1	0	4
202	118	67	44	8	6	10	1	0	1	6
203	120	63	43	9	12	1	1	0	0	8
204	85	64	45	7	15.5	10	1	0	0	1
205	167	78	54	8	9	10	1	1	1	3
206	105	58	44	5	17	2	1	1	1	2
207	130	56	41	6	9	5	1	1	0	3
208	125	80	45	13	13	10	0	0	0	5
209	86	59	43	6	17	5	1	0	1	4
210	105	60	41	8	4.5	10	1	1	0	8
211	118	68	49	11	7.5	7	1	0	0	8
212	107	75	44	8	12	10	1	0	0	5
213	100	65	46	6	15.5	7	1	0	1	1
214	195	83	55	9	9	3	1	1	1	3
215	120	66	40	19	7.5	10	1	1	1	8
216	95	60	43	6	14.5	10	1	0	1	3
217	110	58	43	6	14.5	10	1	1	1	3
218	80	55	41	5	11.5	3	1	1	1	6
219	97	75	45	10	13	5	0	0	1	5
220	92	63	39	8	15.5	5	1	0	1	1
221	130	75	44	8	12.7	3	1	0	1	5
222	235	92	52	15	3.5	3	1	0	1	7
223	93	60	38	8	12	5	1	0	1	5
224	95	82	48	8	13	10	1	0	1	5
225	115	77	46	10	12.7	7	1	0	1	5
226	140	76	44	10	12	2	1	0	1	5
227	92	82	48	8	13	12	0	0	1	5
228	89	60	44	6	14.5	7	1	1	1	3
229	230	103	51	14	14.5	15	1	1	1	3
230	95	64	40	8	15.5	15	1	0	1	1
231	156	83	55	9	10.5	10	1	1	1	7
232	135	77	46	10	12.7	2	1	0	1	5
233	125	78	60	11	14.5	10	0	0	1	3
234	122	74	50	8	10.5	10	1	1	0	3
235	140	85	52	11	9	10	0	0	1	3
236	95	64	45	6	14.5	10	1	0	1	2
237	105	65	39	11	12	5	0	0	1	7
238	150	78	44	8	13.5	1	1	0	1	1
239	136	74	45	10	13.5	5	0	0	1	1
240	170	80	48	9	14.5	7	1	1	1	3
241	105	75	45	10	12	7	1	0	1	5
242	125	82	52	12	13.5	10	0	0	0	6
243	73	61	41	6	13	10	0	0	0	5
244	93	78	46	10	12	15	0	0	1	7
245	95	64	45	7	12.5	10	1	0	1	2
246	225	101	65	15	10.5	20	1	1	1	3
247	108	65	40	8	17	5	1	0	1	2
248	92	60	45	6	9	7	0	1	1	3
249	90	57	38	6	7.5	6	1	1	0	3
250	145	85	54	11	8	10	0	1	1	1
251	93	67	47	6	12	5	0	0	1	7
252	160	80	56	9	12	5	1	1	1	8
253	93	62	37	8	12.5	10	1	0	1	2
254	90	57	43	6	12	5	1	1	1	1
255	79	55	40	6	10.5	10	0	1	1	3
256	95	73	43	11	12.7	10	1	0	0	5
257	110	75	52	9	7.5	10	0	1	1	8
258	125	66	44	9	12.5	15	1	0	1	3
259	299	99	65	11	9	10	1	1	1	3
260	127	77	46	10	12.5	10	1	0	1	2
261	112	75	45	10	12	7	1	0	1	5
262	84	58	43	5	12	15	1	1	0	7
263	195	110	55	11	12	1	1	1	1	7
264	170	81	60	13	13	5	1	0	1	5
265	95	67	45	9	13.5	10	0	0	0	1
266	450	145	82	14	4.5	3	1	1	1	8
267	160	85	56	12	6.5	10	1	1	1	2
268	165	78	46	10	5	10	1	0	1	4
269	80	56	38	6	7	10	1	0	1	5
270	125	78	50	9	13.5	15	1	1	0	1
271	120	77	44	10	13.5	5	0	1	1	6
272	226	82	52	10	3	3	1	0	1	1
273	105	66	48	8	12	1	1	0	0	5
274	120	66	43	10	9	10	0	0	1	4
275	150	77	45	10	5	10	1	0	1	4
276	103	77	46	11	13	5	0	0	1	5
277	115	57	42	6	10.5	4	0	1	1	3
278	140	87	57	7	10.5	3	1	1	1	3
279	185	80	53	9	7.5	15	1	1	1	8
280	120	80	50	10	7	7	1	0	1	5
281	82	57	46	6	12	10	1	1	1	7
282	130	74	53	7	4.5	7	1	1	1	8
283	110	70	42	10	14.5	7	0	0	1	3
284	90	61	49	6	12	10	1	0	1	8
285	185	108	62	12	13.5	10	0	0	1	6
286	146	80	46	10	7.5	10	1	1	1	3
287	105	68	46	8	12	15	1	0	1	7
288	193	100	56	12	12	10	0	1	1	7
289	75	51	34	6	9	5	0	0	0	4
290	138	65	47	9	5	10	1	0	1	4
291	115	63	40	8	12.5	10	0	0	1	3
292	93	59	44	6	7	5	0	0	0	4
293	123	83	50	11	12.7	15	1	0	1	5
294	120	82	53	9	11.5	10	0	1	1	6
295	90	66	43	6	15.5	5	1	0	0	1
296	86	56	39	6	12.5	10	0	0	1	3
297	103	64	40	8	17	5	1	0	1	2
298	85	59	43	6	13.5	15	0	0	1	1
299	123	85	51	10	12.7	3	1	0	1	5
300	110	69	44	10	12	5	1	0	1	7
301	88	60	44	10	12	10	0	0	0	7
302	116	75	46	10	13.5	10	0	0	1	6
303	119	71	52	8	8	10	0	1	0	1
304	130	80	45	13	12	5	0	0	1	5
305	85	55	40	6	11	5	0	1	1	8
306	93	79	45	10	13	7	0	0	0	5
307	127	79	45	13	12	3	1	0	1	1
308	143	77	42	10	6	5	0	0	1	6
309	105	77	46	8	12	15	0	0	0	7
310	177	74	45	8	5	15	1	1	1	4
311	73	54	37	6	14.5	10	1	0	1	3
312	145	74	45	11	17	10	0	0	1	2
313	99	72	50	9	7.5	10	0	1	1	8
314	91	60	44	6	12	10	1	1	1	7
315	122	68	44	8	10.5	5	0	0	1	3
316	147	74	49	9	7.5	10	1	1	1	3
317	84	76	45	10	17	10	1	0	1	4
318	73	51	34	6	7	7	1	0	1	5
319	85	58	39	6	10	7	0	0	1	6
320	135	68	46	8	12.5	7	0	0	1	3
321	116	75	44	13	12	10	1	0	1	1
322	136	76	44	10	14.5	9	0	0	1	3
323	88	56	36	6	17	10	0	0	1	2
324	153	87	55	10	6.5	5	0	1	1	2
325	135	74	44	10	10.5	7	1	0	0	3
326	135	74	51	9	10.5	7	1	1	1	7
327	100	68	53	6	12	10	1	0	1	7
328	115	66	37	7	11	7	1	0	1	8
329	120	69	40	9	13.5	15	1	0	1	1
330	149	84	46	10	13.5	7	0	0	1	1
331	98	56	33	6	8	10	1	0	0	1
332	85	60	44	6	7	7	1	0	1	5
333	169	80	50	8	10	5	1	1	1	6
334	100	55	38	6	3.5	5	1	1	0	7
335	125	64	44	9	12	12	1	0	1	8
336	95	55	35	8	7.5	7	1	1	1	3
337	114	75	44	10	13	2	1	0	1	5
338	105	78	50	8	9	10	1	1	0	4
339	125	75	53	8	11	3	1	1	1	8
340	100	65	39	9	17	10	1	0	1	2
341	93	64	41	7	14.5	3	1	0	1	2
342	165	99	70	9	7.5	7	0	1	1	8
343	72	52	35	6	13.5	10	0	0	1	1
344	125	78	52	7	11	7	1	1	1	8
345	250	74	47	10	3	5	1	1	0	1
346	165	87	51	12	12.7	6	1	0	0	5
347	148	84	52	8	6.5	3	1	1	1	5
348	130	81	49	9	13	10	0	1	1	5
349	148	74	51	9	7.5	10	1	1	1	3
350	123	79	45	13	9	20	1	0	1	4
351	149	77	45	9	12	5	1	0	1	1
352	97	55	35	6	9	10	1	0	1	4
353	80	50	34	6	12	5	0	0	0	8
354	100	58	42	5	12	10	0	1	1	8
355	105	75	45	10	12	5	0	0	1	5
356	80	52	36	6	10.5	15	1	1	0	7
357	120	100	63	9	13	7	0	0	1	5
358	78	59	42	6	12.5	10	0	0	0	2
359	209	90	57	8	10.5	2	1	1	1	3
360	190	81	51	14	9	3	1	1	1	3
361	88	51	35	6	10.5	3	1	0	1	7
362	135	85	53	9	10.5	7	0	1	0	3
363	185	90	54	13	7.5	7	1	1	1	3
364	299	100	65	11	9	10	1	0	1	3
365	111	81	45	9	14.5	10	0	0	0	3
366	102	65	44	7	13.5	10	1	0	1	6
367	94	65	45	7	14.5	10	1	0	0	2
368	165	79	53	9	8	15	1	1	1	1
369	164	90	52	13	10	3	1	1	1	6
370	110	63	45	7	13.5	10	1	0	1	1
371	137	78	51	9	6	15	1	1	1	6
372	97	57	42	6	13.5	5	0	1	1	1
373	155	80	46	13	12	15	1	0	0	8
374	153	75	45	10	7	15	1	0	0	4
375	132	88	55	14	17	5	1	0	1	4
376	110	74	45	10	12.7	7	1	0	1	5
377	103	63	38	8	10.5	10	0	0	1	3
378	79	49	33	6	14.5	10	1	0	0	3
379	200	121	71	12	10	3	1	0	1	6
380	85	59	44	6	9	5	0	0	1	4
381	108	66	43	7	17	5	1	0	1	4
382	125	81	56	9	6	5	1	1	0	6
383	145	90	55	10	9	7	1	1	0	4
384	250	74	56	8	4.5	7	1	1	1	8
385	140	78	46	11	12	5	1	0	1	8
386	160	79	51	12	3	8	1	1	1	1
387	122	96	51	12	13.5	10	0	0	0	6
388	100	63	42	7	13.5	15	1	1	1	1
389	87	55	38	5	6.5	5	1	1	1	5
390	92	69	47	6	12	10	0	0	0	7
391	150	77	42	8	6	15	1	0	1	6
392	150	112	64	16	14.5	5	0	0	1	3
393	88	61	42	6	12.5	5	1	0	1	2
394	100	78	45	10	13	7	1	0	1	5
395	92	64	38	8	10.5	15	1	0	0	7
396	112	76	54	8	10.5	15	1	1	0	7
397	90	65	45	7	12	7	1	0	1	5
398	140	85	50	8	6.5	2	1	1	1	5
399	100	75	45	10	13	5	0	0	1	5
400	83	58	38	6	12.5	10	1	0	0	2
401	115	72	50	8	10.5	10	0	1	1	3
402	92	68	53	6	13	10	0	0	1	5
403	110	65	41	11	12.5	15	1	1	1	8
404	103	64	45	6	17	5	1	0	1	2
405	165	78	47	9	5	10	1	1	1	4
406	165	89	57	9	7	5	0	0	1	4
407	371	128	70	18	7	5	0	0	1	4
408	85	60	38	6	17	7	1	0	0	2
409	95	65	39	8	12	15	1	0	1	7
410	141	113	58	13	13.5	10	0	0	1	1
411	113	77	50	8	12.5	15	0	1	0	3
412	125	73	52	8	11	10	1	1	1	8
413	108	64	40	9	12	10	0	1	1	1
414	84	59	45	5	10	15	1	0	1	6
415	170	71	47	8	7.5	10	1	1	1	3
416	112	72	51	8	6.5	5	1	1	1	5
417	131	76	45	10	12	7	1	0	1	1
418	110	77	46	9	13	5	1	0	0	5
419	135	79	48	9	10.5	5	1	1	0	7
420	132	69	44	8	8	10	1	0	1	1
421	135	100	50	10	15.5	10	1	0	1	1
422	95	63	39	8	14.5	15	1	0	1	2
423	140	77	45	10	10	5	1	0	1	6
424	120	77	45	10	13	10	1	0	1	5
425	115	68	44	9	12	7	1	0	1	7
426	165	96	58	14	7	5	0	0	1	4
427	99	66	39	8	17	10	1	0	0	2
428	192	123	68	16	14.5	10	0	0	0	3
429	128	75	45	10	17	3	1	1	1	2
430	105	63	44	7	17	3	1	0	1	4
431	133	83	46	12	13.5	10	1	1	1	1
432	96	64	41	9	13.5	12	1	0	1	1
433	168	84	54	8	7.5	10	1	1	1	8
434	150	78	45	10	14.5	10	0	0	1	3
435	135	84	55	11	3	15	1	1	1	1
436	85	65	43	10	12	5	0	0	1	5
437	85	57	37	5	12	7	0	0	1	8
438	138	86	50	10	13.5	10	1	1	1	1
439	87	57	45	6	12	15	1	0	1	8
440	115	80	48	11	12.7	5	0	0	1	5
441	117	80	44	13	10.5	10	0	0	1	3
442	154	95	51	11	6.5	3	1	1	1	5
443	84	60	43	6	12	10	1	0	1	5
444	160	114	67	15	14.5	10	0	0	1	3
445	93	61	43	6	14.5	7	0	0	1	2
446	130	77	47	11	11	7	1	0	1	5
447	100	70	44	8	15.5	7	0	0	0	1
448	135	78	44	11	12.7	10	1	0	1	5
449	84	59	38	6	7	10	1	0	1	5
450	105	66	44	7	3.5	10	1	0	1	7
451	155	75	46	10	12	5	1	0	1	8
452	120	76	45	10	13	10	1	0	1	5
453	105	60	35	8	11	5	1	1	1	8
454	75	53	35	7	11.5	5	1	1	0	6
455	110	77	46	10	6	10	0	0	1	6
456	280	108	65	14	14.5	15	1	1	1	3
457	115	85	52	10	12	10	1	0	1	5
458	78	57	37	6	13.5	10	1	0	1	6
459	227	134	70	16	9	5	1	0	1	4
460	86	56	42	5	6.5	5	1	1	0	5
461	106	70	43	10	12.7	10	1	0	0	5
462	93	66	39	8	14.5	15	1	0	1	2
463	112	79	45	8	11.5	2	1	1	1	6
464	93	64	45	7	13.5	7	0	0	1	1
465	120	74	45	10	13	15	1	0	1	5
466	92	60	41	6	14.5	7	1	0	0	2
467	220	81	46	13	9	7	1	0	1	4
468	107	66	42	9	8	7	0	0	1	1
469	115	62	38	9	17	7	1	0	0	2
470	83	61	38	6	13	10	0	0	0	5
471	140	66	47	6	4.5	2	1	1	0	8
472	105	64	45	6	13.5	7	1	0	1	1
473	120	57	43	6	8	5	1	1	0	1
474	88	64	46	7	17	15	1	0	0	2
475	115	76	40	11	12.7	10	1	0	1	5
476	140	70	45	10	9	10	1	0	1	3
477	149	94	57	8	10.5	15	0	1	1	3
478	120	75	43	10	17	10	1	0	1	2
479	170	92	62	18	6	7	1	1	1	6
480	105	73	49	8	11.5	5	1	0	0	6
481	189	86	55	10	9	10	1	1	1	3
482	86	61	42	6	12	7	0	1	1	5
483	126	80	40	14	12	10	0	0	1	7
484	85	59	40	6	10	5	0	0	1	6
485	140	82	47	11	12.5	10	1	1	0	2
486	104	84	52	11	13	5	0	0	1	5
487	108	66	45	10	12	5	1	0	1	7
488	84	60	45	6	13.5	7	0	0	1	6
489	90	55	35	6	14.5	5	0	0	1	3
490	87	61	43	6	12	15	1	0	1	7
491	115	71	42	10	12	5	1	0	0	8
492	78	58	44	6	7	7	1	0	0	5
493	120	80	47	9	13.5	10	0	0	1	6
494	98	74	44	10	12	15	1	0	0	7
495	152	81	54	8	7.5	12	1	1	1	3
496	105	82	48	8	13	10	0	0	1	5
497	158	78	48	12	9	4	1	1	1	4
498	87	58	33	5	11.5	5	1	0	1	6
499	150	108	56	15	11	5	1	1	1	5
500	109	79	45	13	14.5	5	0	1	1	3
501	158	64	44	9	7	3	1	0	1	4
502	160	86	51	8	12	2	1	1	1	7
503	80	56	37	6	10	1	1	0	0	6
504	115	66	38	7	11	7	1	1	1	8
505	260	70	45	8	8	7	1	1	0	1
506	90	56	40	5	12.5	5	1	1	1	3
507	132	76	43	8	12.5	5	1	0	1	2
508	84	59	46	6	10	15	1	0	1	6
509	112	63	35	8	11	7	1	0	1	8
510	120	77	43	8	10.5	10	0	0	1	3
511	115	76	45	10	12	15	0	0	1	7
512	165	74	41	9	6.5	5	1	1	1	2
513	125	77	46	10	10.5	15	1	0	1	7
514	103	67	43	9	13.5	10	0	0	1	1
515	130	72	47	10	13.5	7	1	1	0	1
516	129	59	41	6	9	5	1	1	0	3
517	80	52	34	6	17	10	1	0	0	4
518	190	84	55	9	4.5	5	1	1	1	8
519	130	72	42	9	12	5	1	0	1	1
520	86	56	42	5	6.5	5	1	1	0	5
521	190	106	58	24	9	5	0	0	1	4
522	132	84	52	11	12.7	20	1	0	1	5
523	170	80	45	13	12	10	1	0	1	8
524	118	78	52	9	11	5	1	1	1	5
525	78	63	47	6	13.5	5	0	1	1	6
526	77	56	38	6	13.5	10	0	1	0	1
527	77	50	34	6	13.5	2	1	0	1	6
528	105	75	45	10	14.5	10	0	0	1	3
529	150	76	45	10	12	5	1	0	1	1
530	143	75	45	9	10.5	7	1	0	1	3
531	350	113	85	20	9	10	1	0	1	3
532	110	70	40	9	13.5	5	1	0	0	6
533	159	107	64	13	14.5	10	0	1	1	3
534	135	75	46	10	7	12	0	0	1	4
535	89	60	43	6	15.5	5	1	1	1	1
536	170	76	50	10	5	5	1	1	1	4
537	89	55	37	6	10.5	10	1	1	1	3
538	115	64	44	7	12	5	0	0	1	7
539	110	77	40	11	12.7	15	1	0	1	5
540	84	59	44	6	12	10	1	0	1	5
541	130	78	46	10	14.5	7	1	0	1	2
542	87	90	57	13	14.5	15	1	1	1	2
543	79	60	44	6	15.5	15	1	0	0	1
544	115	60	39	6	4.5	10	1	0	1	8
545	95	67	41	9	13.5	7	0	0	1	6
546	98	64	42	7	14.5	5	0	0	1	3
547	83	64	42	9	17	10	0	0	0	2
548	130	82	54	8	3.5	10	1	1	1	7
549	105	56	43	6	3	10	1	1	1	1
550	124	77	44	10	14.5	5	0	0	1	2
551	107	65	39	8	12.5	20	1	0	1	2
552	180	83	53	8	12	5	1	1	1	7
553	110	76	45	10	13	10	1	0	1	5
554	157	75	53	10	12.5	5	1	0	1	2
555	210	105	55	14	17	5	0	0	1	2
556	95	64	45	6	12.5	10	1	0	1	2
557	371	120	59	15	7	10	0	0	1	4
558	145	73	45	7	9	1	1	1	1	4
559	85	58	43	5	7	10	0	0	1	4
560	87	58	40	6	6.5	5	1	0	0	2
561	118	84	48	9	12.7	5	0	0	1	5
562	86	58	38	8	11.5	7	1	0	1	6
563	157	80	48	9	7	5	0	0	1	4
564	190	73	54	9	3	10	1	1	1	1
565	85	65	43	5	7.5	5	1	1	1	8
566	140	80	51	7	7.5	7	1	1	1	8
567	85	55	42	6	14.5	5	1	1	1	3
568	78	58	37	6	12	10	0	0	1	7
569	185	80	53	9	7.5	10	1	1	1	8
570	162	75	52	12	3.5	5	1	1	1	7
571	164	90	52	13	10	3	1	1	1	6
572	210	81	48	10	3	5	1	1	1	1
573	99	63	38	8	10.5	5	1	0	0	3
574	125	75	52	9	10.5	5	0	1	1	3
575	85	60	43	6	12	5	1	0	1	5
576	225	92	48	13	9	1	1	1	1	4
577	85	61	45	6	13.5	15	1	0	1	6
578	112	77	45	10	17	10	0	0	1	2
579	135	83	53	9	13.5	10	0	0	1	1
580	235	101	59	15	8	7	1	1	1	1
581	147	76	46	10	12	3	1	0	1	8
582	93	55	39	6	8	10	1	1	0	1
583	105	75	46	10	13	7	0	0	0	5
584	105	69	43	6	17	5	1	0	1	4
585	185	95	57	12	5	5	1	0	0	4
586	110	75	52	9	11.5	10	1	1	0	6
587	215	86	58	12	3	5	1	1	1	1
588	175	79	47	9	14.5	7	1	1	1	3
589	99	62	39	8	17	10	1	0	1	2
590	144	80	48	13	15.5	10	1	0	1	1
591	98	74	46	11	12.5	10	0	1	0	3
592	135	72	46	8	10	5	1	0	1	6
593	140	78	46	9	10.5	10	1	1	1	7
594	205	88	59	9	9	10	1	1	0	3
595	145	84	53	10	15.5	15	1	0	1	1
596	150	86	53	9	11.5	1	1	0	1	6
597	110	59	38	8	14.5	5	0	0	1	3
598	285	90	57	7	3	3	1	0	1	1
599	98	54	36	5	3.5	12	1	1	1	7
600	135	80	45	13	12.5	5	0	0	1	3
601	95	54	38	6	10.5	5	1	0	1	7
602	150	80	48	13	14.5	10	0	0	1	3
603	105	72	43	10	12	10	1	0	1	5
604	105	65	39	8	12	5	0	0	1	7
605	105	53	39	5	3.5	7	1	1	0	7
606	125	67	46	8	12.5	15	1	0	1	3
607	95	65	45	7	14.5	12	1	0	1	2
608	115	77	51	7	5	5	1	1	0	4
609	110	65	45	11	7	7	1	0	1	4
610	143	93	57	9	10.5	5	0	1	1	3
611	165	77	44	10	8	10	1	0	1	1
612	168	75	46	10	6.5	1	1	1	1	2
613	96	60	38	6	12	5	0	0	1	7
614	180	88	55	11	6	3	1	0	1	6
615	105	74	45	10	13	10	1	0	0	5
616	81	53	34	6	13	15	1	0	0	5
617	87	58	37	7	13.5	15	0	0	1	1
618	177	103	54	11	9	5	1	0	1	3
619	119	80	51	8	11.5	15	1	0	1	6
620	120	81	48	8	13	7	1	0	1	5
621	132	88	63	8	8	5	1	1	1	1
622	85	59	38	6	13.5	10	1	0	1	6
623	140	74	45	10	12.5	2	1	0	1	2
624	90	60	43	6	13.5	5	0	0	0	6
625	455	192	92	18	7.5	5	1	0	1	3
626	194	105	58	11	9	5	1	0	1	3
627	170	65	45	7	7.5	2	1	1	1	3
628	100	57	40	6	8	5	1	0	1	1
629	140	80	51	10	13.5	10	1	1	1	1
630	160	101	51	15	7	7	1	0	1	5
631	130	83	48	9	12.7	5	1	0	1	5
632	185	66	44	6	9	3	1	1	0	3
633	120	84	45	11	7	10	1	0	1	5
634	360	103	80	14	3	3	1	1	1	1
635	99	63	43	9	13.5	7	0	0	1	1
636	120	60	37	8	12	8	0	0	1	1
637	118	63	37	8	14.5	5	1	0	1	3
638	130	96	57	9	7.5	5	0	1	1	8
639	113	76	46	10	13	7	1	0	1	5
640	107	67	41	9	12.5	10	1	0	1	2
641	134	69	47	8	5	10	1	0	1	4
642	110	86	53	9	10.5	5	0	0	0	3
643	170	100	57	10	13.5	15	0	0	0	6
644	100	77	41	10	12.7	10	1	0	1	5
645	90	61	45	6	13.5	15	1	0	1	6
646	108	75	50	10	12	3	1	0	1	5
647	105	83	48	9	13	15	1	0	1	5
648	88	51	34	6	14.5	10	1	0	1	3
649	80	60	44	6	13.5	5	1	0	1	6
650	130	75	48	13	12.7	5	0	0	1	5
651	170	53	33	9	3	10	1	1	1	1
652	220	83	53	9	4.5	5	1	0	0	8
653	104	72	46	11	12.5	10	0	1	0	3
654	105	68	46	8	15.5	10	1	0	0	1
655	165	90	58	11	4.5	7	0	0	1	8
656	130	77	53	9	7	8	1	1	1	4
657	167	74	43	10	14.5	5	1	0	1	2
658	114	75	54	7	12	7	1	1	1	7
659	113	54	34	11	3	10	1	0	1	1
660	145	76	48	9	13.5	10	0	0	1	6
661	112	63	45	7	13.5	7	0	0	1	1
662	106	83	44	10	12	10	0	0	1	7
663	105	77	54	8	10.5	12	1	0	0	7
664	107	68	46	8	10.5	10	0	0	1	3
665	130	81	56	9	6	7	1	1	0	6
666	94	65	40	8	14.5	15	1	0	1	2
667	105	78	44	10	13	15	1	0	1	5
668	240	105	55	23	10	5	1	0	1	6
669	150	97	63	11	10	7	1	0	1	6
670	87	63	42	7	13.5	7	1	0	1	6
671	116	77	45	10	6	7	0	0	1	6
672	105	66	44	7	13.5	10	1	0	1	6
673	150	76	45	10	7	10	0	0	1	4
674	95	60	44	6	12	10	1	0	0	8
675	82	59	45	6	10	7	1	1	0	6
676	210	94	59	11	12.7	2	1	1	1	5
677	150	85	61	8	12	7	1	1	1	8
678	179	77	43	10	8	10	1	0	1	1
679	75	55	36	6	14.5	7	0	1	0	2
680	185	108	65	12	13.5	10	0	0	1	6
681	120	76	51	9	13.5	5	1	0	1	6
682	100	79	51	10	13.5	10	0	0	1	6
683	158	78	49	14	9	4	1	1	1	4
684	155	74	43	10	9	5	0	0	1	4
685	139	68	46	8	9	5	1	0	1	4
686	140	78	45	10	12	2	1	0	1	7
687	115	76	54	9	13	5	1	0	0	5
688	94	64	43	9	12	7	1	0	1	5
689	180	72	45	10	3	3	1	1	1	1
690	340	125	70	18	7	10	0	1	1	4
691	100	78	44	9	13.5	20	0	0	1	1
692	77	60	44	6	13	15	1	0	0	5
693	102	74	43	10	17	12	0	0	1	2
694	135	68	32	13	3	10	1	1	1	1
695	108	58	41	6	9	3	1	1	1	4
696	134	83	44	10	13	10	1	0	0	5
697	103	76	45	10	13	5	0	0	1	5
698	135	82	48	9	10.5	10	0	0	0	3
699	85	57	42	6	7.5	15	1	1	1	8
700	78	52	34	6	13	15	1	0	1	5
701	113	78	44	10	12	10	1	1	0	5
702	140	68	44	10	5	7	1	0	1	4
703	125	78	53	8	8	10	1	0	0	1
704	86	55	40	5	7	2	0	0	1	4
705	130	80	38	11	12.7	10	1	0	1	5
706	117	77	44	10	17	3	1	0	0	2
707	135	75	46	10	11	10	1	0	1	5
708	120	80	45	13	12	10	1	0	1	5
709	116	76	45	10	7	10	1	0	1	5
710	131	74	42	10	13.5	10	1	0	1	1
711	230	92	60	14	9	10	1	0	0	3
712	76	53	39	6	12	10	1	0	1	5
713	108	78	46	10	12.7	10	1	0	1	5
714	140	74	53	8	11	5	1	1	1	8
715	110	60	41	6	12	10	1	0	1	8
716	90	60	43	6	12	5	0	0	1	7
717	136	78	48	9	12.5	15	1	0	1	2
718	126	84	56	9	3.5	4	1	1	1	7
719	120	65	44	8	9	5	1	0	1	4
720	93	63	40	8	11	12	1	0	1	5
721	260	110	56	15	12.5	3	1	1	1	2
722	152	95	62	10	12.7	5	1	0	1	5
723	185	80	45	13	12	5	0	0	1	8
724	145	75	46	10	7	10	0	0	1	4
725	77	61	45	6	13.5	5	0	0	0	6
726	106	68	47	8	13.5	7	0	0	1	6
727	102	76	46	10	12	15	0	0	0	7
728	128	78	54	9	6.5	5	1	0	1	5
729	75	51	36	6	17	5	0	0	1	2
730	89	60	44	6	10.5	3	1	0	1	7
731	135	81	53	8	11.5	4	1	1	1	6
732	90	55	37	6	7.5	7	0	0	1	8
733	135	76	44	9	5	7	1	1	1	4
734	108	73	51	8	12.5	15	0	1	1	3
735	114	79	45	13	14.5	7	0	0	1	3
736	95	64	39	8	12.5	10	1	0	0	2
737	230	109	58	18	12.7	2	1	0	1	5
738	128	72	53	8	3	10	1	1	0	1
739	168	104	60	16	12	10	1	0	1	1
740	85	57	37	5	12	7	0	0	1	8
741	170	80	50	8	9	15	0	1	1	3
742	87	56	35	6	12	7	1	0	1	8
743	190	87	62	10	4.5	5	1	1	1	8
744	154	72	42	11	6.5	5	1	0	1	2
745	129	69	42	9	14.5	15	1	0	1	3
746	80	61	44	7	12	5	0	0	1	7
747	89	60	45	6	13.5	10	0	0	1	1
748	112	77	45	10	10	7	0	0	1	6
749	160	93	57	12	12.7	5	1	0	1	5
750	118	83	44	10	12.7	10	1	0	1	5
751	115	75	47	10	13	10	1	0	1	5
752	165	84	57	9	10.5	7	1	0	0	3
753	90	57	40	5	13.5	10	1	1	1	1
754	160	82	54	8	9	7	1	1	1	4
755	97	55	35	6	9	7	0	0	1	4
756	165	74	41	9	6.5	5	1	1	1	2
757	162	90	53	13	10	7	1	1	1	6
758	212	119	70	17	9	5	0	1	1	4
759	190	72	46	10	9	5	1	1	1	4
760	120	80	52	14	12	7	1	0	1	5
761	94	61	38	9	12	5	0	0	1	7
762	145	73	43	11	9	10	0	0	1	4
763	73	53	34	6	7.5	3	1	1	0	3
764	90	60	40	7	13.5	9	1	0	1	6
765	79	54	35	5	12.5	10	0	1	1	3
766	82	61	40	6	13.5	10	0	0	1	1
767	140	83	53	12	12	15	0	0	1	7
768	105	77	45	10	14.5	10	0	0	1	3
769	97	56	43	5	6.5	7	1	1	1	5
770	280	145	66	16	12.7	3	1	0	0	5
771	92	59	41	6	11	10	1	1	1	8
772	80	58	38	7	13.5	5	0	0	1	6
773	110	65	45	7	13.5	7	1	0	1	1
774	160	98	52	12	10	7	1	0	1	6
775	120	77	45	10	13.5	5	0	0	1	6
776	165	100	54	12	6.5	3	1	0	1	5
777	147	111	65	16	14.5	6	0	1	1	3
778	96	60	45	6	15.5	5	1	0	1	1
779	75	65	45	7	14.5	10	0	0	1	3
780	125	90	54	8	12	15	0	0	1	7
781	125	80	47	10	12	15	0	0	1	7
782	87	64	45	9	15.5	12	1	0	0	1
783	115	76	45	11	12	5	1	0	1	1
784	200	100	66	21	9	15	1	1	1	3
785	115	84	53	12	12.7	15	1	0	1	5
786	120	64	46	6	7	3	1	0	1	4
787	107	64	44	9	15.5	5	1	0	1	1
788	112	60	39	6	3.5	3	1	0	1	7
789	94	60	44	6	15.5	5	1	0	1	1
790	115	64	45	7	13.5	5	1	0	1	1
791	110	66	45	10	11.5	10	1	0	1	6
792	107	75	53	9	11.5	10	1	1	0	6
793	77	60	43	6	12	6	0	0	1	7
794	96	65	45	7	12.5	15	1	1	1	2
795	118	78	46	10	13.5	10	1	0	1	6
796	95	66	44	10	14.5	7	0	0	1	3
797	123	77	45	10	17	7	1	0	1	2
798	110	70	40	6	12	2	1	1	0	8
799	162	90	61	10	10.5	3	1	1	1	3
800	85	58	45	6	10	3	1	0	1	6
801	113	70	50	9	6	10	1	0	0	6
802	125	80	45	13	12	5	0	1	1	5
803	78	52	35	6	12	10	1	0	1	7
804	109	75	45	10	13.5	5	1	0	0	1
805	230	110	52	17	11.5	5	1	1	1	6
806	85	59	42	6	10.5	7	0	0	0	3
807	125	76	45	10	13.5	10	0	0	1	6
808	130	73	41	10	12	5	0	0	1	7
809	80	58	38	6	7	10	1	0	1	5
810	200	102	73	10	9	7	1	0	1	3
811	73	51	34	6	12	7	1	0	0	5
812	94	61	44	6	12.5	3	1	0	1	2
813	134	84	52	8	12	7	1	1	1	8
814	140	76	44	10	12.5	5	1	0	1	2
815	108	66	44	9	12	5	1	0	1	7
816	94	65	45	7	17	10	1	0	0	2
817	130	56	40	5	3.5	10	1	1	0	7
818	92	66	44	9	11.5	7	1	0	0	6
819	155	85	47	11	12.7	5	1	0	1	5
820	108	81	48	8	13	15	0	0	1	5
821	108	66	43	7	17	2	1	0	1	4
822	135	76	50	8	10.5	15	1	0	1	3
823	135	77	50	8	10.5	10	0	1	1	3
824	100	57	43	5	11.5	10	1	1	1	6
825	170	75	48	7	7.5	3	1	1	1	3
826	87	61	43	6	12	15	1	0	1	7
827	94	62	38	8	17	3	1	0	1	4
828	115	61	42	5	3.5	10	1	1	0	7
829	223	63	38	7	7.5	3	1	1	1	3
830	160	80	51	8	3	10	1	1	1	1
831	138	66	44	9	4.5	2	1	0	1	8
832	125	77	40	11	13	10	0	1	1	5
833	120	68	47	8	12.5	5	0	0	0	3
834	85	60	43	10	13	7	0	0	0	5
835	113	91	52	9	6.5	10	1	1	1	2
836	115	69	46	6	12	5	1	1	1	8
837	95	75	43	11	14.5	10	0	0	1	3
838	125	83	48	9	12	3	1	0	1	5
839	109	66	46	8	15.5	5	1	0	1	1
840	167	113	64	13	14.5	5	0	1	1	3
841	190	77	54	9	9	5	0	1	1	3
842	158	88	61	9	10.5	15	1	1	1	3
843	151	102	70	9	10.5	12	1	1	1	7
844	160	77	48	8	12	7	1	1	0	8
845	87	56	37	6	7	7	0	0	1	4
846	87	58	45	5	10	3	1	0	1	6
847	95	76	45	10	14.5	10	0	0	1	3
848	170	102	58	12	13	5	1	0	1	5
849	110	75	53	10	10.5	15	1	0	0	7
850	180	83	53	8	10.5	5	1	0	1	3
851	178	80	54	9	3	5	1	1	1	1
852	92	60	44	6	12.5	15	1	0	0	2
853	149	95	57	8	10.5	15	0	1	1	3
854	95	61	43	6	14.5	5	1	0	1	2
855	130	67	46	7	9	5	1	1	1	4
856	92	63	38	8	12	10	0	0	1	8
857	96	60	45	6	12	10	1	0	1	7
858	93	59	38	6	13.5	7	1	0	0	6
859	103	64	40	8	10.5	10	0	0	0	3
860	112	79	47	10	17	10	1	0	1	4
861	94	63	38	8	17	12	1	0	0	2
862	156	70	48	7	9	2	1	1	1	4
863	82	54	35	6	9	10	1	1	0	4
864	185	78	53	8	7.5	15	1	1	1	8
865	98	60	44	6	14.5	15	1	0	1	3
866	113	80	48	8	12	10	1	0	1	5
867	175	83	55	9	3	15	1	1	1	1
868	99	65	44	7	10.5	5	1	0	1	3
869	87	63	45	6	10	10	1	0	0	6
870	73	51	34	6	13.5	10	1	0	1	6
871	220	148	85	14	14.5	7	0	1	1	3
872	185	76	43	10	8	10	1	0	1	1
873	150	85	57	10	9	7	1	1	0	3
874	115	75	42	8	12	15	0	0	1	7
875	155	72	52	7	3	5	0	0	1	1
876	125	83	48	9	12	3	1	0	1	5
877	113	85	53	12	12.7	10	0	0	0	5
878	105	66	46	11	12	7	1	0	0	5
879	130	72	44	10	6	5	1	0	0	6
880	250	100	50	15	12.7	5	1	0	1	5
881	97	76	45	10	12	10	1	1	1	5
882	165	69	47	7	4.5	5	0	1	1	8
883	161	108	60	13	14.5	10	0	1	1	3
884	110	77	46	9	15.5	3	1	0	1	1
885	145	90	52	9	12	15	1	1	0	7
886	470	146	86	16	14.5	5	1	1	1	3
887	113	75	45	10	13	10	1	0	1	5
888	260	107	58	14	13	1	1	0	1	5
889	200	71	46	8	4.5	5	1	1	0	8
890	100	75	45	10	13	5	0	0	1	5
891	170	82	52	15	5	1	1	1	1	4
892	163	115	66	15	13.5	10	0	0	1	1
893	136	74	45	10	10	15	1	0	0	6
894	89	59	38	6	12	15	1	0	1	7
895	125	76	45	10	15.5	10	0	0	1	1
896	260	110	71	18	4.5	7	1	1	1	8
897	123	66	43	8	10	5	1	1	1	6
898	115	80	48	12	12.7	5	0	0	1	5
899	129	66	44	9	9	15	1	0	0	4
900	104	72	48	9	10.5	10	1	0	0	3
901	89	79	52	10	15.5	10	1	0	1	1
902	145	71	43	8	9	5	1	1	0	3
903	100	75	45	10	12	10	1	1	1	5
904	135	72	45	10	14.5	2	1	0	1	2
905	93	59	44	5	14.5	10	1	0	1	3
906	87	58	38	6	12	15	1	0	0	8
907	138	66	44	14	4.5	2	1	0	1	8
908	108	66	42	6	3.5	3	1	1	0	7
909	85	61	45	6	13.5	15	1	0	1	6
910	109	79	45	13	14.5	5	0	0	1	3
911	180	81	53	9	8	7	1	1	0	1
912	80	56	37	6	12	10	1	1	0	8
913	185	75	48	10	7	3	1	1	1	4
914	110	71	43	10	14.5	20	0	0	1	3
915	87	59	44	6	13.5	10	1	0	1	1
916	108	64	43	9	3.5	10	0	0	0	7
917	112	74	44	11	12.7	10	1	0	1	5
918	103	70	44	10	15.5	7	1	0	1	1
919	128	83	44	10	7	2	1	0	1	5
920	107	67	46	8	13.5	7	0	0	1	1
921	120	75	45	10	14.5	10	0	0	1	3
922	83	55	38	7	11	10	1	1	0	8
923	100	60	39	9	15.5	10	1	0	1	1
924	127	79	46	10	17	5	1	0	1	2
925	80	59	39	6	8	15	0	0	1	1
926	210	71	45	15	9	1	1	1	1	4
927	74	51	35	6	13.5	10	1	0	0	6
928	155	77	50	8	8	5	0	1	1	1
929	138	69	45	9	4.5	5	1	0	1	8
930	130	60	42	7	9	10	1	1	0	3
931	144	66	45	8	9	7	1	1	1	3
932	102	58	41	6	11	5	1	1	1	8
933	89	58	42	6	9	10	0	0	0	4
934	116	85	45	10	12	15	0	0	1	7
935	105	78	54	9	11	10	1	1	1	5
936	89	64	39	8	14.5	5	0	0	0	2
937	128	85	52	10	14.5	10	0	0	0	3
938	150	84	48	10	13.5	10	0	0	0	6
939	120	68	45	8	10.5	5	0	0	1	3
940	105	68	41	8	17	5	1	0	0	2
941	165	74	46	10	5	10	1	0	1	4
942	110	76	45	10	14.5	10	0	0	1	3
943	75	51	34	6	14.5	7	0	0	1	3
944	92	60	45	6	15.5	5	1	0	1	1
945	129	99	55	11	10.5	15	1	0	0	3
946	105	55	40	6	9	7	0	0	1	4
947	80	50	34	6	11.5	10	1	0	1	6
948	132	78	46	10	12.5	12	1	0	0	2
949	105	75	42	8	13.5	10	0	0	1	6
950	92	68	44	10	10.5	10	0	0	1	7
951	101	65	44	8	11.5	7	1	0	1	6
952	81	54	36	6	10	10	1	0	1	6
953	140	68	47	8	9	5	1	1	1	4
954	140	82	61	6	3.5	7	1	1	1	7
955	118	74	52	9	7.5	7	0	1	1	8
956	127	82	50	10	10.5	7	0	0	0	3
957	112	74	52	7	11	5	1	1	0	8
958	160	80	52	9	7.5	7	1	1	0	3
959	130	78	46	11	13.5	10	1	0	1	1
960	125	77	44	10	14.5	7	1	0	1	2
961	82	70	40	8	17	7	0	0	1	2
962	158	78	51	8	9	7	1	1	1	4
963	140	75	40	11	13	5	0	0	1	5
964	270	105	74	10	5	1	1	1	1	4
965	110	67	45	8	13.5	5	0	0	1	1
966	120	64	43	7	9	5	0	0	1	4
967	730	134	102	10	9	10	1	1	1	4
968	100	77	45	8	12	15	0	0	0	7
969	77	59	38	6	12	10	0	1	0	7
970	130	79	44	10	13.5	10	0	0	1	6
971	150	71	44	9	8	5	1	1	1	1
972	176	104	55	11	9	5	1	0	1	3
973	87	60	43	6	12	5	0	0	1	7
974	79	57	43	6	10.5	10	0	1	1	3
975	156	79	54	8	9	10	1	1	1	3
976	185	79	47	10	3	3	1	1	1	1
977	102	65	44	7	15.5	5	1	0	1	1
978	200	88	60	7	3	5	1	1	1	1
979	90	66	43	9	15.5	10	1	0	0	1
980	310	100	62	17	4.5	15	1	0	1	8
981	155	60	40	8	7.5	5	1	1	1	3
982	130	70	45	9	10.5	15	1	0	1	3
983	122	75	46	11	13.5	15	1	0	1	6
984	210	79	53	8	7	5	1	1	1	4
985	83	52	34	6	14.5	10	0	0	0	3
986	90	63	44	6	17	5	1	0	1	2
987	95	63	39	8	17	1	1	0	1	2
988	78	56	39	6	12	5	1	1	0	7
989	115	74	45	10	12.7	15	1	0	1	5
990	110	67	41	9	13.5	10	0	0	0	6
991	86	58	38	6	11.5	7	1	0	1	6
992	107	57	41	6	12.5	10	1	1	1	3
993	80	60	45	6	13.5	5	0	0	1	6
994	93	58	42	6	12	5	0	1	0	7
995	98	64	43	7	12	15	1	0	1	7
996	230	80	46	13	5	4	1	1	1	4
997	95	72	43	12	12.7	7	0	0	0	5
998	170	106	64	13	12	15	1	0	1	8
999	170	79	50	9	4.5	2	1	0	0	8
1000	140	68	46	7	9	10	1	0	1	4
1001	200	100	60	12	7	7	0	0	1	4
1002	82	60	41	6	11.5	5	1	1	1	6
1003	130	76	46	11	13	5	0	0	1	5
1004	87	60	43	6	13.5	10	0	0	1	6
1005	99	60	44	6	12.5	10	1	0	1	2
1006	100	72	42	10	14.5	20	0	0	0	3
1007	93	59	39	6	15.5	10	1	0	1	1
1008	83	56	37	6	10	15	1	0	1	6
1009	138	79	47	10	7	10	0	0	1	4
1010	133	85	50	9	12	10	0	0	1	7
1011	135	79	45	13	15.5	7	1	0	1	1
1012	150	76	50	8	9	7	1	1	1	4
1013	170	80	46	10	10	5	1	0	0	6
1014	110	57	40	5	7.5	7	1	1	0	3
1015	105	64	40	7	7	10	1	0	0	4
1016	110	71	44	8	15.5	7	0	0	1	1
1017	95	65	46	8	13.5	7	0	0	0	6
1018	115	57	38	8	12	5	1	0	1	7
1019	150	78	46	10	9	10	0	0	1	4
1020	190	73	41	11	3.5	1	1	1	1	7
1021	75	55	39	6	10	10	1	0	0	6
1022	125	78	45	10	12	7	0	0	1	7
1023	114	74	44	11	12.7	10	1	0	1	5
1024	97	68	46	8	12	5	1	0	1	5
1025	95	72	44	10	12.7	10	1	0	0	5
1026	130	79	45	10	12	5	1	0	1	5
1027	94	64	45	7	14.5	3	1	0	1	2
1028	160	80	54	9	9	10	1	1	1	3
1029	180	91	58	8	11	2	0	1	1	8
1030	100	65	39	8	14.5	10	0	0	1	2
1031	105	65	40	7	17	10	1	0	0	2
1032	110	75	45	10	12.7	10	1	0	1	5
1033	108	69	36	9	12.5	5	0	0	0	3
1034	92	57	40	6	12.5	2	1	1	1	3
1035	92	61	44	6	12.5	5	1	0	1	2
1036	181	86	51	11	10.5	10	0	0	0	3
1037	128	57	38	6	9	5	1	1	1	3
1038	120	77	51	12	4.5	7	0	1	1	8
1039	299	100	75	12	6.5	5	1	1	1	2
1040	105	76	40	11	12.7	5	0	0	1	5
1041	95	77	45	10	13	5	0	0	1	5
1042	92	58	42	6	13.5	7	1	1	1	1
1043	120	65	38	7	11	10	1	1	1	8
1044	85	56	42	6	12	10	1	1	1	8
1045	99	58	39	7	7.5	5	1	0	1	3
1046	105	61	38	8	17	5	1	0	0	2
1047	128	77	47	12	11	7	1	0	1	5
1048	114	75	45	10	12.7	15	0	0	1	5
1049	135	72	49	8	8	5	0	1	1	1
1050	163	73	48	9	7.5	5	0	1	1	8
1051	160	80	51	13	7.5	5	1	1	1	8
1052	85	67	46	6	12	15	1	0	1	5
1053	85	60	38	6	17	7	1	0	0	2
1054	145	81	43	10	17	3	1	0	0	2
1055	110	68	45	6	12.5	10	1	0	1	2
1056	460	153	84	18	9	5	1	1	1	4
1057	98	58	42	6	12	10	1	1	1	8
1058	100	83	53	10	12	15	0	0	0	7
1059	117	85	44	10	12	10	0	0	1	7
1060	80	58	43	5	7	7	1	0	1	5
1061	108	76	45	10	12	10	0	1	0	7
1062	91	60	45	6	10.5	5	0	0	1	3
1063	145	74	43	10	12.5	10	1	0	1	2
1064	108	56	41	6	3.5	5	1	1	0	7
1065	78	51	33	6	7	7	1	0	1	5
1066	82	60	42	6	12.5	10	1	0	0	2
1067	143	80	47	9	12.5	3	1	0	1	2
1068	227	104	54	10	10.5	8	1	0	1	3
1069	120	64	43	6	11.5	2	1	1	1	6
1070	105	53	36	5	7.5	10	1	1	0	3
1071	105	72	43	10	13	10	1	0	0	5
1072	83	55	37	6	12	5	1	1	1	7
1073	95	65	45	7	15.5	7	1	0	1	1
1074	85	61	45	6	13.5	10	1	0	1	6
1075	117	80	53	8	11.5	10	0	1	0	6
1076	124	80	51	9	6	10	0	1	1	6
1077	105	61	40	8	12	3	1	0	1	5
1078	107	77	46	10	12	10	1	0	1	5
1079	164	79	51	9	7	5	0	0	1	4
1080	113	63	42	9	7	5	0	0	1	4
1081	180	78	52	8	9	1	1	1	1	3
1082	79	51	34	6	13.5	10	1	0	1	6
1083	110	76	50	8	13	10	1	0	1	5
1084	150	66	47	9	7	3	1	0	1	4
1085	142	125	66	19	10.5	10	1	0	1	7
1086	99	58	44	6	10.5	10	1	0	1	3
1087	127	81	49	8	12	5	1	0	1	5
1088	80	52	35	6	14.5	12	0	0	1	3
1089	72	60	42	6	11.5	10	0	1	0	6
1090	119	80	45	13	14.5	5	0	0	1	3
1091	131	80	46	13	12	7	1	0	0	1
1092	119	80	48	10	12.7	12	1	0	1	5
1093	119	66	45	8	7	7	0	1	0	4
1094	125	93	66	9	6	5	1	1	0	6
1095	87	56	37	6	7	7	0	1	1	4
1096	117	70	39	8	12.5	12	1	1	1	2
1097	140	75	46	9	10.5	10	0	0	1	3
1098	120	80	50	8	10.5	5	0	1	1	3
1099	79	52	37	6	12	7	0	0	0	7
1100	140	67	46	8	8	5	1	0	0	1
1101	88	60	42	6	11	10	1	1	1	5
1102	120	75	45	10	13.5	10	0	0	1	6
1103	85	57	40	6	14.5	10	0	1	1	2
1104	115	73	52	9	10.5	15	1	1	1	3
1105	169	85	45	10	13.5	10	1	0	1	6
1106	150	106	63	12	13.5	10	0	0	1	6
1107	107	74	45	10	14.5	15	0	0	1	3
1108	150	70	50	9	7.5	7	1	1	1	3
1109	130	77	48	10	17	5	1	0	1	2
1110	309	107	72	17	10.5	1	1	1	1	3
1111	135	80	47	9	12	7	0	0	1	5
1112	110	75	44	10	17	5	0	0	0	2
1113	209	99	63	9	9	10	1	1	1	3
1114	83	60	44	6	17	10	1	0	1	4
1115	108	76	46	10	12	10	1	0	1	5
1116	98	63	39	7	14.5	10	0	0	0	3
1117	125	76	47	11	11	7	1	0	1	5
1118	180	90	56	11	9	15	1	0	0	3
1119	113	54	34	6	3	10	1	0	1	1
1120	252	132	74	23	12.5	3	1	1	0	3
1121	155	75	45	10	9	15	1	0	1	4
1122	212	112	60	17	7	10	1	0	1	4
1123	95	64	45	7	14.5	10	1	0	1	2
1124	118	75	44	9	7	5	0	0	1	5
1125	126	79	44	13	10.5	10	0	0	1	3
1126	71	54	34	6	7	7	0	0	0	5
1127	153	80	40	25	10.5	10	0	0	1	3
1128	78	51	34	6	13	5	0	0	1	5
1129	123	74	48	10	12.5	15	1	0	1	2
1130	108	66	43	11	13.5	10	1	0	1	6
1131	145	78	44	10	3.5	2	1	0	1	7
1132	78	55	37	6	10.5	7	1	0	1	7
1133	130	64	35	6	9	1	1	1	1	4
1134	92	63	39	8	14.5	5	0	0	0	2
1135	128	80	45	13	12	15	1	0	1	5
1136	160	98	50	12	10	10	1	0	1	6
1137	115	66	40	8	12.5	5	1	0	0	2
1138	81	56	41	5	6	10	0	1	1	6
1139	150	78	50	9	9	5	1	1	1	4
1140	130	87	57	7	13.5	7	1	1	0	1
1141	113	77	44	10	9	7	0	0	1	4
1142	70	52	34	6	12	10	1	0	0	7
1143	110	73	45	10	15.5	10	1	0	1	1
1144	105	77	40	10	12	15	0	0	1	7
1145	130	75	45	10	12	10	0	0	1	8
1146	85	58	39	7	7	5	1	0	1	5
1147	115	64	45	7	13.5	7	1	0	1	1
1148	108	66	43	7	17	5	1	0	1	4
1149	165	78	46	18	5	10	1	0	1	4
1150	85	60	43	7	12	5	0	0	1	7
1151	110	80	46	10	12	15	0	0	1	7
1152	110	68	46	8	13.5	10	0	0	1	6
1153	97	58	42	5	12.5	15	1	1	1	3
1154	90	65	46	7	14.5	5	1	0	1	2
1155	88	60	44	6	17	7	0	0	1	4
1156	110	75	43	10	13.5	15	0	0	1	6
1157	285	90	61	6	14.5	10	1	0	1	3
1158	120	75	48	11	3	15	1	1	1	1
1159	110	74	44	10	13.5	15	0	0	1	6
1160	135	74	42	10	7.5	5	1	1	1	8
1161	128	74	43	10	13.5	12	1	0	1	1
1162	142	90	51	12	12	10	0	1	1	7
1163	115	65	45	6	13.5	7	1	0	1	1
1164	210	72	49	7	7.5	5	1	1	1	3
1165	110	60	40	7	9	7	0	1	1	3
1166	371	120	59	15	7	10	0	0	1	4
1167	135	65	39	7	12	15	0	0	0	7
1168	143	74	45	11	11	5	1	0	1	5
1169	105	67	45	8	7.5	5	0	0	0	8
1170	165	75	45	10	12.5	5	1	0	1	2
1171	159	109	64	13	14.5	10	0	1	1	3
1172	125	68	48	7	3	15	1	1	1	1
1173	108	67	45	8	14.5	5	0	0	1	2
1174	94	61	44	6	12.5	10	1	0	1	2
1175	80	54	35	6	12	8	1	1	0	7
1176	75	56	38	6	10	7	1	0	1	6
1177	109	79	45	13	14.5	7	0	1	1	3
1178	99	65	46	6	17	7	1	0	1	2
1179	97	77	47	9	14.5	10	1	0	0	2
1180	138	66	44	9.5	4.5	3	1	0	1	8
1181	95	61	38	8	11.5	7	1	0	1	6
1182	127	73	43	11	13	5	1	1	1	5
1183	135	81	48	8	15.5	7	1	0	1	1
1184	86	58	44	6	17	5	1	0	1	4
1185	162	71	49	9	9	10	1	1	1	3
1186	115	77	45	7	9	5	1	0	0	4
1187	115	74	45	10	13	15	1	0	1	5
1188	105	63	39	8	12.5	10	1	0	1	2
1189	120	76	45	10	12	10	0	0	1	7
1190	98	65	44	9	14.5	7	0	0	1	3
1191	133	75	48	9	3	12	1	1	0	1
1192	112	65	44	9	13.5	1	1	0	0	1
1193	88	63	37	8	13	5	0	0	1	5
1194	90	55	36	6	12.5	10	1	0	1	3
1195	175	70	40	8	3	5	1	1	1	1
1196	130	68	41	10	10.5	5	0	0	1	3
1197	144	76	43	10	13.5	10	0	0	1	6
1198	200	78	50	7	8	10	1	1	1	1
1199	126	80	46	13	14.5	5	0	0	1	3
1200	85	58	41	7	14.5	10	0	0	1	2
1201	85	58	37	6	13.5	15	0	0	1	1
1202	105	53	36	5	7.5	10	1	1	0	3
1203	140	75	54	8	12	5	1	1	0	8
1204	145	80	46	10	3.5	2	1	0	0	7
1205	129	80	48	10	12.7	7	1	0	1	5
1206	170	80	53	9	8	3	1	0	1	1
1207	115	80	45	10	13.5	10	0	0	1	6
1208	81	59	42	6	12	10	1	1	1	1
1209	105	75	45	10	13	10	0	0	1	5
1210	94	64	45	6	12.5	12	1	0	1	2
1211	170	77	52	7	3	15	1	1	1	1
1212	127	74	53	8	11	10	1	1	1	8
1213	140	76	44	11	13.5	10	0	0	1	1
1214	145	75	45	10	7	15	1	0	1	4
1215	98	75	50	8	11.5	5	0	0	1	6
1216	113	69	47	8	17	3	1	0	1	4
1217	130	83	50	9	6.5	10	1	0	1	5
1218	113	78	47	10	12	10	1	0	1	5
1219	162	78	48	11	6.5	1	1	1	1	2
1220	100	64	41	7	12	5	1	0	1	7
1221	160	86	56	9	6	2	1	0	1	6
1222	135	80	51	13	13.5	5	0	0	1	1
1223	95	62	43	7	12	7	1	0	1	5
1224	86	56	34	7	7.5	10	0	0	0	8
1225	118	68	49	11	7.5	7	1	0	0	8
1226	93	65	39	8	12.5	7	0	0	1	2
1227	150	78	44	10	14.5	15	1	0	1	3
1228	145	82	47	10	14.5	15	1	0	1	3
1229	85	55	40	6	12.5	7	1	1	0	8
1230	139	86	51	10	10.5	7	0	0	1	7
1231	114	93	51	12	10	7	1	0	0	6
1232	101	66	39	8	17	10	1	0	1	2
1233	98	64	43	7	17	5	0	0	1	2
1234	153	66	43	9	5	10	1	1	1	4
1235	119	77	40	10	12.7	5	0	0	1	5
1236	130	82	37	12	6	10	1	0	1	6
1237	79	58	41	6	12.5	5	0	0	0	3
1238	127	92	50	11	6.5	10	1	0	1	5
1239	142	77	44	10	7	10	0	0	1	4
1240	127	65	43	7	9	5	0	0	1	4
1241	190	85	53	12	12	3	1	0	0	5
1242	160	79	54	9	7	3	1	0	1	4
1243	86	58	43	6	17	5	1	0	1	4
1244	99	62	45	6	13.5	10	1	0	1	6
1245	73	54	35	5	10.5	3	1	1	0	7
1246	138	77	45	11	10.5	10	1	0	1	7
1247	115	77	45	7	9	15	1	0	0	4
1248	103	67	43	9	15.5	7	1	0	1	1
1249	107	75	44	10	12.7	10	1	0	1	5
1250	110	78	48	14	12	10	1	0	1	5
1251	109	67	45	11	13.5	5	0	0	1	1
1252	120	77	48	8	12	15	1	1	1	8
1253	94	64	45	6	17	15	1	0	1	2
1254	117	78	45	11	13	10	0	0	1	5
1255	125	77	51	8	6	3	1	1	1	6
1256	92	63	38	8	12	10	0	0	1	7
1257	93	57	43	5	12.5	15	1	1	1	3
1258	103	78	54	11	12	15	1	1	0	5
1259	150	92	69	8	4.5	10	1	1	1	8
1260	95	63	39	8	12	10	1	0	1	7
1261	135	76	45	10	6	7	0	0	1	6
1262	120	78	43	12	14.5	15	0	0	1	3
1263	125	79	56	8	7.5	10	1	1	1	8
1264	77	51	34	6	7	7	1	0	1	5
1265	89	64	45	6	12.5	15	1	0	1	2
1266	108	80	48	8	12	10	0	0	1	7
1267	96	60	43	6	13.5	10	1	0	1	6
1268	110	74	53	8	11	15	1	1	0	8
1269	129	79	47	8	10.5	15	1	0	1	7
1270	85	69	48	6	12	10	0	0	1	7
1271	96	60	45	6	10.5	15	1	0	1	3
1272	122	79	48	10	12.7	12	1	0	1	5
1273	200	90	60	10	12	10	1	1	1	7
1274	104	80	45	13	13	5	0	0	1	5
1275	145	96	56	9	11	15	1	1	0	8
1276	120	74	53	8	10.5	10	1	1	1	7
1277	196	78	46	10	14.5	5	1	0	1	3
1278	135	75	43	11	12.7	15	1	0	1	5
1279	141	74	43	10	15.5	10	0	0	1	1
1280	96	60	45	6	12	5	0	0	1	7
1281	100	75	45	10	13.5	5	1	0	0	1
1282	82	55	36	6	10	7	1	0	0	6
1283	198	110	59	13	14.5	10	1	0	1	3
1284	108	78	47	10	12	3	1	0	0	5
1285	83	50	34	6	15.5	5	0	0	1	1
1286	131	78	46	10	17	5	1	0	1	2
1287	145	84	53	19	15.5	15	1	0	1	1
1288	107	56	32	5	7.5	7	1	1	0	3
1289	88	60	44	6	12	10	0	0	0	7
1290	104	77	45	10	12.7	15	1	0	0	5
1291	160	93	59	6	12.5	15	1	1	1	8
1292	89	60	38	6	13.5	7	1	0	1	6
1293	171	96	50	18	7	5	1	0	1	4
1294	84	60	45	6	13.5	7	0	0	1	6
1295	138	79	47	10	7	10	1	0	1	4
1296	70	58	41	6	14.5	10	0	1	1	3
1297	165	78	54	8	9	10	1	1	1	3
1298	130	65	44	9	9	5	1	0	1	4
1299	139	74	52	9	10.5	7	1	0	1	7
1300	140	81	55	8	9	7	0	1	0	3
1301	91	60	44	6	14.5	7	1	0	1	2
1302	83	60	38	9	12	10	1	0	0	5
1303	85	57	39	6	11.5	7	1	0	0	6
1304	175	112	78	16	7	10	1	1	1	4
1305	80	68	42	8	13.5	7	1	0	0	6
1306	85	58	40	5	14.5	10	0	1	1	2
1307	135	72	43	9	10.5	15	1	0	0	3
1308	197	101	60	15	7	7	0	1	1	4
1309	99	57	42	6	6.5	7	1	1	1	5
1310	165	65	45	9	9	10	1	1	1	3
1311	87	58	44	5	10.5	5	1	0	1	7
1312	105	54	34	6	3.5	7	1	0	1	7
1313	115	75	47	8	6.5	15	1	1	0	2
1314	140	77	46	10	8	10	1	0	1	1
1315	104	67	43	11	12	15	1	0	1	7
1316	143	85	52	9	5	8	1	1	1	4
1317	142	77	44	10	7	10	0	0	1	4
1318	130	78	53	9	3.5	10	1	1	1	7
1319	160	75	47	10	9	10	1	1	0	3
1320	115	80	54	12	12.7	5	0	0	1	5
1321	145	76	51	8	3	5	1	1	0	1
1322	317	135	70	20	9	2	1	0	1	3
1323	84	74	41	12	7	3	1	0	1	5
1324	124	96	52	10	13.5	5	1	0	1	1
1325	130	56	42	7	14.5	3	1	1	1	3
1326	135	65	38	8	7.5	10	1	1	1	3
1327	85	55	35	6	12	10	1	0	1	8
1328	103	64	45	7	13.5	15	1	0	1	1
1329	85	60	40	7	12	5	0	0	1	7
1330	160	72	50	9	7.5	5	0	1	1	8
1331	350	90	62	12	10.5	5	0	0	1	3
1332	101	55	38	6	7	10	1	0	0	4
1333	143	82	45	10	12	10	1	0	1	5
1334	80	51	34	6	13.5	15	0	0	1	1
1335	123	75	45	10	12.7	10	1	0	1	5
1336	215	67	42	9	7.5	3	1	1	1	3
1337	140	80	45	13	13.5	5	0	0	1	1
1338	90	59	45	6	12	5	0	0	0	8
1339	72	64	43	7	6	7	1	0	1	6
1340	130	78	53	13	3.5	10	1	1	1	7
1341	125	75	46	10	14.5	7	0	0	1	3
1342	115	74	48	11	13	15	1	0	1	5
1343	71	49	34	6	10	10	1	0	1	6
1344	85	60	43	6	12	5	1	1	1	7
1345	150	80	53	8	9	3	1	1	1	4
1346	180	71	47	7	7.5	10	1	1	1	3
1347	130	109	51	16	13.5	10	0	1	1	6
1348	180	83	58	10	3	10	1	1	1	1
1349	97	64	45	7	13.5	10	1	0	1	1
1350	107	75	45	9	13	15	1	0	1	5
1351	115	79	47	11	12	10	1	0	1	5
1352	156	70	48	7	9	2	1	0	1	4
1353	113	73	52	8	7.5	5	0	1	0	8
1354	115	77	44	7	12	10	1	1	1	8
1355	96	76	53	8	6	10	0	1	1	6
1356	240	81	54	8	9	3	1	1	0	3
1357	155	73	49	9	10.5	15	1	1	1	3
1358	130	77	45	10	12	7	1	0	1	5
1359	89	51	34	6	13.5	10	0	0	1	1
1360	133	75	52	9	3	15	1	1	0	1
1361	135	70	40	9	15.5	10	1	0	1	1
1362	89	65	40	8	13	7	0	0	1	5
1363	185	90	52	12	6	7	1	0	1	6
1364	110	66	43	7	13.5	15	0	0	1	1
1365	167	74	43	10	14.5	7	1	0	1	2
1366	190	78	46	10	8	10	1	1	1	1
1367	260	80	46	12	9	2	1	1	1	4
1368	74	53	34	6	10.5	7	0	1	0	3
1369	190	100	50	16	7	10	1	0	1	5
1370	147	75	45	10	7	15	1	0	1	4
1371	152	73	48	8	3	15	1	1	1	1
1372	93	60	43	6	17	15	0	0	1	2
1373	110	75	45	10	12	5	0	1	1	5
1374	110	60	37	9	12.5	7	1	0	1	2
1375	122	93	52	14	13.5	10	1	0	1	1
1376	130	73	47	9	11	10	1	1	1	5
1377	86	53	36	7	11.5	5	1	0	0	6
1378	115	64	38	8	14.5	7	1	0	1	3
1379	85	50	35	6	11	8	0	0	1	8
1380	77	55	38	6	7.5	10	1	0	0	8
1381	83	53	34	6	14.5	8	0	0	0	3
1382	140	73	44	10	10.5	5	1	1	0	3
1383	84	58	43	6	14.5	5	0	0	1	3
1384	80	56	44	6	11	8	1	1	0	5
1385	95	72	43	12	12.7	7	0	0	0	5
1386	90	58	42	6	10.5	15	1	1	1	3
1387	116	82	44	10	12.7	15	1	0	1	5
1388	110	74	45	12	12.7	1	1	0	0	5
1389	145	69	47	7	3.5	10	1	1	1	7
1390	108	64	40	9	12	10	0	0	1	1
1391	100	83	48	10	12	15	0	0	0	7
1392	110	80	43	10	12	15	0	0	1	7
1393	128	68	50	9	12.5	5	0	0	1	3
1394	137	77	54	8	3.5	10	1	1	1	7
1395	105	65	47	9	12.5	5	1	0	1	2
1396	125	60	41	6	3	7	1	0	1	1
1397	110	76	45	10	14.5	15	0	0	1	3
1398	147	80	50	8	7.5	5	0	0	1	8
1399	94	63	39	8	14.5	5	0	0	1	2
1400	94	56	33	8	11.5	3	1	0	1	6
1401	201	82	55	9	13.5	7	1	0	1	1
1402	135	78	44	10	15.5	10	1	1	1	1
1403	145	78	47	8	11	8	1	1	1	8
1404	99	72	43	10	12.7	10	1	0	1	5
1405	138	65	44	9	4.5	2	1	0	1	8
1406	90	56	42	6	12.5	7	1	1	1	3
1407	85	64	45	6	13	5	0	0	1	5
1408	145	85	52	11	14.5	5	0	0	1	3
1409	135	77	41	11	13	10	1	0	1	5
1410	127	78	46	10	17	5	1	0	1	2
1411	189	80	52	10	7	1	1	1	1	4
1412	145	72	50	7	4.5	5	1	1	0	8
1413	126	68	47	8	8	5	0	0	1	1
1414	105	65	40	8	13.5	7	1	0	1	6
1415	90	60	40	8	13.5	5	1	0	0	6
1416	115	81	47	9	12.7	10	1	0	0	5
1417	110	57	37	7	9	1	1	1	1	4
1418	90	54	42	6	17	10	1	0	1	4
1419	215	76	55	8	7.5	2	1	1	1	3
1420	180	71	42	8	7	15	0	0	1	4
1421	115	80	41	13	12	15	1	0	1	5
1422	105	63	42	8	12	15	1	1	1	1
1423	115	78	44	10	12	7	1	0	1	5
1424	101	55	39	6	4.5	12	1	1	0	8
1425	152	108	56	15	11	5	1	1	1	5
1426	160	92	69	14	4.5	10	1	1	1	8
1427	95	65	47	8	13.5	5	1	0	1	6
1428	119	74	52	8	10.5	10	1	1	1	7
1429	170	82	52	20	5	1	1	0	1	4
1430	115	78	48	10	12	10	0	0	0	7
1431	205	93	66	9	9	10	1	1	1	3
1432	75	79	47	8	17	10	0	0	1	2
1433	105	65	40	8	17	10	1	0	1	2
1434	240	106	60	17	4.5	10	1	1	1	8
1435	180	73	46	10	7.5	3	1	1	1	3
1436	96	60	45	6	12	5	0	0	1	7
1437	155	81	44	10	13.5	10	0	0	1	6
1438	140	81	50	13	15.5	2	1	0	1	1
1439	125	64	43	7	4.5	10	1	0	1	8
1440	114	59	39	6	3.5	5	1	0	1	7
1441	96	60	40	8	12.5	10	1	0	1	2
1442	110	65	40	8	12.5	5	1	0	0	2
1443	137	76	50	15	11	7	1	1	1	8
1444	87	60	43	6	13.5	10	0	0	1	1
1445	139	72	45	9	10.5	7	1	0	1	7
1446	107	76	44	9	13	15	1	0	1	5
1447	147	77	44	10	13	2	1	0	1	5
1448	153	86	55	10	6.5	5	0	1	1	2
1449	132	74	53	7	4.5	7	1	1	1	8
1450	108	75	54	9	17	5	1	0	0	2
1451	142	84	53	10	15.5	15	1	0	1	1
1452	105	58	41	6	7.5	10	1	1	1	3
1453	127	119	68	15	15.5	10	1	0	1	1
1454	112	68	41	10	12	10	1	0	1	7
1455	113	77	46	10	13	15	1	0	1	5
1456	145	75	45	10	7	15	1	0	1	4
1457	92	60	40	6	12	10	0	0	1	7
1458	75	55	36	6	11.5	10	1	1	1	6
1459	94	64	38	9	12	11	0	0	1	7
1460	145	81	46	10	15.5	5	1	0	1	1
1461	168	105	56	12	9	5	1	0	1	3
1462	85	61	43	6	12	15	1	0	1	7
1463	80	54	37	6	12	7	1	1	0	7
1464	175	95	48	12	10	2	1	0	0	6
1465	160	119	68	10	11	7	1	1	0	8
1466	79	51	34	6	12	7	0	0	1	7
1467	75	53	35	7	11.5	5	1	1	0	6
1468	118	74	44	10	12.7	4	1	0	1	5
1469	149	92	50	14	10	7	1	1	1	6
1470	105	68	43	9	13.5	10	1	0	1	6
1471	82	60	44	6	14.5	7	0	0	1	3
1472	108	58	40	6	10.5	7	1	1	1	3
1473	83	51	34	6	15.5	3	1	0	1	1
1474	95	63	42	8	3.5	5	1	1	1	7
1475	123	75	45	10	12.7	10	1	0	1	5
1476	96	68	45	10	12.5	15	0	0	1	3
1477	135	80	48	8	13	7	1	0	0	5
1478	112	68	44	9	7.5	7	1	0	1	8
1479	110	74	45	10	12	15	0	0	1	7
1480	114	68	44	8	10.5	10	1	0	1	7
1481	125	85	46	10	12	5	0	0	1	7
1482	111	75	42	11	14.5	3	0	1	1	3
1483	98	61	38	8	12	15	1	0	1	1
1484	90	57	42	6	11	5	1	1	1	5
1485	135	81	44	10	14.5	7	0	0	1	3
1486	130	74	50	8	10.5	5	0	1	1	7
1487	99	60	39	8	12	5	0	0	1	1
1488	174	130	71	16	14.5	4	0	0	1	3
1489	115	78	46	10	12.7	3	1	0	1	5
1490	170	85	50	9	13.5	9	0	1	1	1
1491	98	70	39	9	11.5	2	1	0	0	6
1492	90	72	53	10	11.5	5	0	1	1	6
1493	130	84	54	8	6.5	15	1	1	1	2
1494	155	64	36	8	8	7	1	1	0	1
1495	130	78	51	8	10.5	10	0	1	1	3
1496	75	55	36	6	13.5	15	0	1	0	1
1497	127	74	44	8	11	10	1	1	0	8
1498	105	75	50	8	6.5	15	1	1	0	5
1499	77	58	42	6	12.5	5	0	0	0	3
1500	102	58	40	6	10.5	5	1	1	0	3
1501	93	59	38	6	13.5	10	1	1	0	6
1502	140	89	51	10	12	3	1	0	1	7
1503	121	81	46	8	12	2	1	0	1	5
1504	80	60	44	6	13.5	10	0	0	1	6
1505	68	57	37	6	13.5	15	1	0	0	6
1506	147	65	46	8	3	10	1	0	1	1
1507	165	78	52	12	7.5	5	0	0	1	8
1508	110	63	43	9	15.5	3	1	0	0	1
1509	126	119	67	17	15.5	10	1	0	0	1
1510	95	68	45	9	14.5	10	0	0	1	2
1511	130	83	46	10	10.5	1	1	0	1	7
1512	93	64	38	8	14.5	10	1	0	1	2
1513	115	77	46	10	13.5	10	0	0	1	6
1514	116	66	47	8	12	10	0	0	1	7
1515	95	60	43	6	17	10	1	0	1	4
1516	108	57	40	6	9	3	1	1	1	4
1517	151	86	54	10	10.5	5	0	0	1	3
1518	150	80	44	12	11.5	5	0	0	1	6
1519	114	83	46	12	7	10	1	0	1	4
1520	86	61	43	6	13.5	15	1	0	1	6
1521	150	67	39	8	12	5	1	0	1	8
1522	113	75	51	9	7.5	10	1	1	0	8
1523	101	62	43	6	12	15	1	0	1	7
1524	75	59	43	5	13.5	10	0	0	0	6
1525	130	79	46	10	13	10	0	1	1	5
1526	131	84	60	10	9	10	1	0	1	4
1527	115	74	54	9	11	12	1	1	0	8
1528	135	74	48	10	7.5	3	1	1	0	3
1529	477	119	93	15	9	1	1	0	1	3
1530	103	63	38	9	12.5	10	1	0	1	2
1531	77	58	37	5	7	12	0	0	1	5
1532	140	78	48	11	12.7	8	1	0	1	5
1533	85	59	40	5	12.5	5	0	0	1	3
1534	415	152	80	17	3	5	1	0	1	1
1535	159	75	48	9	8	10	1	1	1	1
1536	126	83	50	9	14.5	15	1	0	0	2
1537	91	65	39	8	13	5	0	0	1	5
1538	118	64	43	9	10.5	7	0	0	1	3
1539	105	63	43	7	10.5	15	1	0	1	3
1540	79	56	37	6	11.5	5	1	0	1	6
1541	110	67	44	9	11.5	10	0	0	1	6
1542	220	107	71	9	9	10	1	1	1	3
1543	155	85	47	11	12.7	5	1	0	1	5
1544	100	58	30	6	17	1	1	0	1	4
1545	95	82	50	10	12	10	0	0	1	5
1546	116	68	43	8	6.5	10	1	1	1	5
1547	120	69	45	9	7.5	5	1	0	0	8
1548	93	57	40	6	3.5	7	1	1	1	7
1549	98	60	47	6	14.5	7	1	1	0	3
1550	125	78	44	13	12	5	1	0	1	1
1551	85	59	44	6	7	1	1	0	1	5
1552	73	50	35	7	17	5	1	0	0	4
1553	120	83	49	9	12	10	0	0	1	7
1554	230	95	64	10	10.5	15	1	1	1	3
1555	170	98	73	12	6	1	1	1	0	6
1556	162	86	58	9	12	8	1	1	1	8
1557	105	75	45	10	17	7	0	0	1	2
1558	84	57	42	6	7.5	5	0	1	1	8
1559	128	84	53	10	12	5	1	0	1	1
1560	135	80	45	10	10.5	5	0	0	1	7
1561	175	81	47	10	14.5	10	0	1	1	3
1562	102	60	40	8	8	5	0	1	1	1
1563	87	55	36	6	3.5	10	1	1	1	7
1564	118	71	41	8	12	15	0	0	1	7
1565	118	63	38	8	14.5	5	1	0	1	3
1566	103	74	45	8	12	5	1	1	0	8
1567	120	67	46	10	9	10	1	0	1	4
1568	92	60	44	6	15.5	3	1	0	1	1
1569	200	101	68	10	11	10	1	1	1	8
1570	96	63	38	8	12.5	15	1	0	1	2
1571	140	66	43	7	8	10	0	0	1	1
1572	145	73	50	9	9	7	1	1	0	3
1573	115	56	39	5	4.5	15	1	1	1	8
1574	207	134	77	21	15.5	5	1	0	1	1
1575	115	65	39	8	13	10	0	0	1	5
1576	118	79	45	13	15.5	10	1	0	1	1
1577	85	55	38	6	10.5	5	0	1	0	3
1578	160	80	55	8	8	15	1	1	1	1
1579	129	80	46	10	12	10	0	0	1	7
1580	107	72	43	10	13	5	0	0	0	5
1581	95	67	45	10	12	10	0	0	1	8
1582	108	79	47	8	14.5	3	0	0	0	2
1583	84	62	44	7	14.5	10	0	0	1	3
1584	73	77	45	10	5	7	1	0	1	4
1585	160	68	40	9	9	10	1	1	1	4
1586	190	112	55	16	7	10	1	0	1	5
1587	145	85	52	11	14.5	5	0	0	1	3
1588	97	76	44	10	12	10	1	0	0	5
1589	144	95	62	11	10	10	1	0	1	6
1590	110	77	46	8	12	12	0	0	0	7
1591	142	78	46	9	10.5	10	1	1	1	7
1592	123	58	40	7	13.5	5	0	1	1	1
1593	95	60	43	6	9	5	0	0	1	4
1594	106	72	52	9	11.5	7	0	1	1	6
1595	95	62	38	8	12.5	3	1	0	0	2
1596	245	85	54	12	9	7	1	1	1	4
1597	86	59	42	5	11.5	10	1	0	1	6
1598	92	60	44	6	12	5	0	0	1	7
1599	160	57	42	8	3.5	5	1	1	1	7
1600	156	90	51	13	10	5	1	0	1	6
1601	340	121	72	13	12.5	3	1	1	1	3
1602	117	82	44	10	13	2	1	0	1	5
1603	111	64	40	7	17	10	1	0	0	2
1604	115	62	38	8	11.5	5	1	0	1	6
1605	118	72	43	10	12.7	2	1	0	0	5
1606	126	74	43	10	12.5	3	1	0	1	2
1607	155	72	53	8	3	10	1	1	1	1
1608	200	85	54	14	14.5	15	1	0	1	3
1609	112	66	44	7	8	20	1	0	1	1
1610	115	86	67	13	13.5	15	0	0	1	6
1611	150	54	39	6	7	3	1	1	1	4
1612	155	75	44	10	9	5	0	1	1	4
1613	410	102	75	10	6.5	5	1	1	1	5
1614	220	98	60	9	4.5	10	1	1	1	8
1615	95	60	37	8	12.5	15	1	0	1	2
1616	118	75	46	10	17	5	1	0	1	2
1617	100	66	44	6	12.5	10	1	0	1	2
1618	110	79	47	8	14.5	3	0	0	0	2
1619	80	58	43	6	11.5	10	1	0	1	6
1620	130	74	45	10	12	1	1	0	1	1
1621	163	72	43	9	7	10	0	1	1	4
1622	95	63	40	8	12.5	10	1	0	1	2
1623	83	60	42	6	12	7	0	0	1	8
1624	185	86	47	8	3	3	1	1	1	1
1625	93	57	43	6	10.5	15	0	0	1	3
1626	90	78	45	10	13.5	10	0	0	1	6
1627	125	80	45	11	12	2	1	0	1	5
1628	106	63	44	7	12.5	10	1	0	1	2
1629	103	75	45	10	12	5	0	1	1	5
1630	93	64	44	6	17	5	1	0	1	2
1631	250	78	47	10	10.5	7	1	0	1	3
1632	117	78	44	10	12	5	1	0	1	5
1633	145	74	45	10	15.5	15	1	0	1	1
1634	164	72	48	7	3.5	5	1	1	1	7
1635	130	74	48	12	12	15	1	1	1	8
1636	78	55	37	6	11.5	2	1	1	1	6
1637	140	66	42	8	7	2	1	1	0	4
1638	110	77	40	12	12.7	15	1	0	1	5
1639	140	84	48	9	12	10	0	1	1	7
1640	92	70	50	6	12	5	0	0	1	7
1641	98	60	43	7	13.5	10	1	0	1	6
1642	107	73	47	9	17	15	0	1	0	2
1643	122	81	46	13	12	15	1	0	1	5
1644	220	100	49	13	14.5	10	1	1	1	3
1645	100	60	39	6	17	5	1	0	1	4
1646	93	62	38	7	17	3	1	0	1	4
1647	95	61	43	6	12	15	1	0	0	7
1648	315	118	54	12	3.5	2	1	1	1	7
1649	83	57	44	6	17	10	0	0	1	4
1650	114	75	44	10	12.7	7	1	0	1	5
1651	200	72	46	9	9	10	1	1	1	3
1652	270	97	56	18	8	10	1	1	1	1
1653	100	76	45	10	12.7	15	1	0	1	5
1654	160	87	56	9	3	10	1	0	1	1
1655	131	74	43	10	13.5	15	1	0	1	1
1656	116	77	45	18	6	7	0	0	1	6
1657	530	150	80	15	7.5	7	1	1	1	3
1658	100	75	45	9	14.5	10	0	0	1	3
1659	82	62	32	7	6	5	1	1	0	6
1660	105	66	44	7	13.5	7	1	0	1	6
1661	260	135	75	20	12.5	3	1	1	0	3
1662	108	66	44	7	17	5	1	0	1	4
1663	133	83	45	10	13	10	1	0	0	5
1664	93	61	38	8	13	7	0	0	1	5
1665	114	77	45	10	12	10	0	0	1	7
1666	98	79	48	10	12	10	1	1	1	5
1667	85	58	43	5	7	5	0	0	1	4
1668	125	83	53	10	5	12	1	0	0	4
1669	120	59	45	6	3	3	1	0	1	1
1670	82	62	44	6	12.5	10	0	0	0	2
1671	128	65	44	7	9	5	0	0	1	4
1672	130	72	44	9	6	5	1	1	1	6
1673	114	76	45	10	12	15	0	0	1	7
1674	70	50	32	5	11.5	7	0	1	0	6
1675	115	59	39	6	10	10	1	0	0	6
1676	99	75	45	10	14.5	15	0	0	1	3
1677	110	65	39	9	12.5	2	1	0	0	2
1678	120	67	45	7	13.5	10	1	0	1	1
1679	110	60	44	6	7	5	0	0	1	4
1680	83	49	34	6	15.5	5	1	0	1	1
1681	106	67	45	9	12	7	0	0	1	7
1682	120	80	48	13	12	10	1	0	1	5
1683	120	77	45	10	7	10	1	0	1	4
1684	95	62	45	7	12.5	10	1	1	1	2
1685	145	76	44	24	12.7	2	1	0	0	5
1686	91	61	44	7	13.5	5	1	0	1	6
1687	82	62	44	6	13.5	10	0	0	1	6
1688	137	69	44	10	9	10	1	0	1	4
1689	88	60	44	6	13.5	10	0	0	1	1
1690	82	56	42	6	10	10	1	0	0	6
1691	145	94	50	12	17	10	1	1	1	4
1692	100	60	43	7	12.5	5	1	0	1	2
1693	138	86	54	10	6	5	0	1	1	6
1694	111	57	40	6	9	3	1	1	1	4
1695	89	64	45	7	12	5	1	0	1	5
1696	144	80	48	13	15.5	10	1	0	1	1
1697	79	65	45	7	6	7	1	0	1	6
1698	105	66	44	7	13.5	7	0	0	1	1
1699	95	57	42	6	6.5	7	1	1	1	5
1700	220	77	49	10	7.5	5	1	1	1	8
1701	107	69	45	10	12	10	1	0	1	7
1702	180	90	58	8	10.5	2	1	0	1	3
1703	92	59	41	6	7.5	12	1	0	1	3
1704	110	65	44	8	10.5	10	1	1	1	7
1705	150	78	54	7	3.5	15	0	1	1	7
1706	115	68	43	9	6.5	5	1	0	1	2
1707	83	59	44	6	13.5	10	0	0	1	6
1708	164	101	51	15	12.7	5	1	0	1	5
1709	125	78	38	11	12.7	10	1	0	1	5
1710	93	64	45	7	14.5	3	1	0	1	2
1711	140	70	51	8	12.5	10	1	1	1	8
1712	94	64	45	7	14.5	10	0	0	1	3
1713	120	63	40	8	6	7	1	1	1	6
1714	135	73	53	8	11	15	1	1	1	8
1715	105	73	45	8	11	10	1	0	0	5
1716	155	73	49	9	10.5	15	1	1	1	3
1717	127	77	40	11	13	10	0	0	1	5
1718	129	72	44	10	6	5	1	0	0	6
1719	145	62	41	9	9	5	1	0	1	3
1720	125	74	45	10	14.5	15	0	0	1	3
1721	95	54	36	5	3.5	15	1	1	1	7
1722	112	76	46	10	12	10	0	0	1	7
1723	90	60	38	8	12	10	0	0	0	8
1724	140	67	46	9	8	15	1	0	1	1
1725	112	66	41	8	17	5	1	0	0	2
1726	123	70	47	8	12	7	0	0	1	7
1727	85	55	41	5	11	5	0	1	1	8
1728	82	56	39	6	10	5	1	0	1	6
1729	132	94	60	11	6.5	3	1	0	0	5
1730	74	56	37	6	15.5	7	0	1	0	1
1731	84	57	42	5	12.7	10	1	1	1	5
1732	115	65	47	8	13.5	3	1	1	1	1
1733	132	80	54	10	12	10	1	0	1	1
1734	115	64	38	8	17	5	1	0	1	2
1735	240	106	71	9	9	10	1	1	1	3
1736	125	77	46	10	13.5	5	0	1	1	6
1737	90	61	43	6	14.5	10	1	0	1	2
1738	95	63	38	8	12.5	5	1	0	1	2
1739	128	68	44	11	4.5	12	1	0	0	8
1740	137	83	48	12	15.5	10	1	0	1	1
1741	90	64	39	9	6	5	0	1	1	6
1742	105	58	43	6	3.5	12	1	1	1	7
1743	84	58	42	5	7.5	15	1	1	1	8
1744	98	66	44	7	11.5	10	1	0	1	6
1745	115	79	45	13	13	7	0	0	1	5
1746	352	108	81	16	4.5	10	1	1	1	8
1747	131	79	45	12	14.5	5	0	0	1	3
1748	165	90	65	8	6	2	1	1	1	6
1749	123	77	46	10	13	10	1	0	1	5
1750	115	60	44	6	6.5	5	1	0	1	2
1751	85	56	36	5	10.5	15	0	0	1	3
1752	72	54	35	6	13.5	10	1	0	1	6
1753	195	86	60	10	9	5	0	1	1	3
1754	123	81	48	9	12	20	0	0	0	7
1755	110	77	46	10	12.7	7	0	0	1	5
1756	137	80	50	12	10.5	15	1	1	1	3
1757	85	58	39	6	12.5	10	1	0	0	2
1758	160	90	60	12	12.7	1	1	1	1	5
1759	170	75	55	8	9	7	1	1	1	4
1760	125	63	43	6	17	5	1	1	1	4
1761	178	74	46	9	3	3	1	1	0	1
1762	200	113	64	11	13.5	10	0	0	1	6
1763	80	56	38	5	11.5	10	1	0	1	6
1764	170	79	52	9	9	7	1	0	1	4
1765	80	60	44	6	13.5	7	0	0	1	6
1766	112	67	38	7	10.5	10	0	1	1	3
1767	81	53	34	6	12.5	10	1	0	0	2
1768	82	60	42	7	13.5	5	0	0	1	6
1769	85	57	43	6	12	12	1	1	0	7
1770	120	76	49	9	3	10	1	1	0	1
1771	95	58	39	6	9	5	1	0	0	4
1772	160	73	41	8	7	5	0	0	0	4
1773	75	54	36	6	10	7	1	0	1	6
1774	110	74	44	10	13	7	1	0	1	5
1775	122	64	46	8	12.5	7	0	0	1	3
1776	179	73	47	6	3	10	1	1	1	1
1777	82	57	42	5	12.7	10	1	1	1	5
1778	113	80	46	10	13	10	0	0	1	5
1779	124	79	44	13	12	10	1	0	1	1
1780	115	79	48	9	13	7	1	0	1	5
1781	145	88	52	12	6.5	7	1	1	1	5
1782	150	76	45	10	9	5	0	0	1	4
1783	140	79	53	8	7	2	1	0	0	4
1784	160	84	50	9	12.7	1	1	0	1	5
1785	96	59	42	6	13.5	7	1	0	1	6
1786	95	60	43	7	12.5	5	1	0	1	2
1787	120	74	51	8	7	5	0	1	1	4
1788	119	77	53	8	10.5	10	1	1	0	7
1789	167	74	45	11	5	10	1	0	1	4
1790	210	71	45	6	9	1	1	1	1	4
1791	173	80	50	8	6	10	1	1	1	6
1792	132	78	46	14	12.5	12	1	0	0	2
1793	145	63	41	8	3.5	3	1	0	1	7
1794	199	70	46	8	7.5	7	1	1	1	3
1795	82	55	34	5	10.5	5	0	1	1	3
1796	113	84	54	10	13	5	0	0	1	5
1797	129	60	41	6	3	7	1	0	0	1
1798	105	64	38	8	14.5	10	0	0	1	2
1799	110	75	45	8	13.5	10	0	0	0	6
1800	119	68	45	8	6	10	1	0	1	6
1801	117	81	46	10	12.5	10	1	0	1	2
1802	88	59	44	6	14.5	10	1	0	1	3
1803	250	92	57	11	9	3	1	1	1	3
1804	92	62	39	7	12	10	1	0	1	5
1805	99	66	41	8	13.5	15	1	1	1	1
1806	85	53	34	6	10.5	3	1	0	1	7
1807	88	60	43	6	12.5	5	1	0	1	2
1808	92	63	38	8	14.5	5	0	0	0	2
1809	75	56	37	5	10	10	1	0	0	6
1810	92	65	45	7	12.5	5	1	0	1	2
1811	170	86	56	10	12	2	1	0	1	5
1812	222	134	75	16	12	5	1	0	1	7
1813	95	51	34	6	12	5	0	0	1	8
1814	70	60	43	6	17	10	1	0	1	2
1815	270	82	49	13	8	15	1	0	1	1
1816	85	65	46	7	13	7	0	0	1	5
1817	142	83	45	10	12.7	15	1	0	1	5
1818	95	65	46	8	12.5	10	1	0	1	2
1819	96	65	40	8	14.5	15	1	0	0	2
1820	121	80	45	13	14.5	5	0	0	1	3
1821	170	68	39	10	4.5	10	1	1	0	8
1822	100	77	50	6	3.5	3	1	1	1	7
1823	115	67	42	9	3.5	7	1	1	1	7
1824	79	60	43	5	12	10	0	0	0	7
1825	108	65	40	8	17	5	1	0	1	2
1826	300	127	66	15	12.5	5	1	1	1	3
1827	130	57	42	6	4.5	5	1	1	1	8
1828	96	60	43	6	14.5	7	1	0	1	2
1829	197	70	46	7	4.5	3	1	1	1	8
1830	80	59	43	6	13.5	5	0	0	1	6
1831	138	95	63	9	10	10	1	0	1	6
1832	102	64	47	6	17	10	1	0	1	4
1833	210	80	49	10	12.5	5	1	1	1	3
1834	103	64	44	10	15.5	7	1	0	1	1
1835	245	83	48	12	7.5	10	1	1	1	8
1836	147	80	45	13	4.5	15	1	0	1	8
1837	90	61	44	6	12	5	1	0	0	8
1838	176	86	54	8	9	10	1	1	1	4
1839	127	74	45	11	12	10	0	0	0	1
1840	98	58	43	6	14.5	10	0	0	1	3
1841	87	54	34	6	17	1	1	0	1	4
1842	149	77	45	10	13	2	1	0	1	5
1843	91	64	45	7	14.5	10	1	0	1	2
1844	115	78	46	10	12	15	0	0	1	7
1845	140	82	49	8	13	5	1	0	1	5
1846	90	59	45	6	15.5	5	0	0	1	1
1847	145	69	43	7	3.5	3	1	1	1	7
1848	82	59	38	6	13.5	5	1	0	1	6
1849	79	51	34	6	13.5	10	1	0	1	6
1850	150	69	46	8	7.5	7	1	1	1	3
1851	86	54	36	6	9	15	0	1	0	3
1852	155	85	49	9	12	5	1	1	1	7
1853	127	74	42	9	12	5	1	0	1	1
1854	94	72	46	10	14.5	9	0	0	1	3
1855	185	91	50	12	10.5	10	1	0	1	3
1856	122	79	45	13	12	10	1	0	1	1
1857	110	67	49	6	12.5	10	1	1	0	3
1858	150	76	45	10	13.5	10	1	0	1	1
1859	90	67	40	8	12	5	1	0	1	5
1860	117	76	43	10	12	5	1	0	1	5
1861	82	58	35	11	12.5	10	0	0	0	3
1862	82	60	45	6	13.5	10	0	0	1	6
1863	95	57	41	6	4.5	7	1	1	0	8
1864	155	75	43	8	7	5	0	0	1	4
1865	95	66	39	8	14.5	15	1	0	1	2
1866	75	56	37	5	10	5	0	0	1	6
1867	100	65	41	8	14.5	5	0	0	1	2
1868	140	81	50	7	12	10	1	1	0	8
1869	127	76	54	6	9	5	0	0	0	4
1870	112	76	40	11	12.7	7	0	0	1	5
1871	150	81	55	9	9	5	0	1	0	3
1872	98	65	44	7	11.5	15	1	0	1	6
1873	97	80	48	8	13	5	0	1	1	5
1874	170	78	51	9	10.5	10	1	1	1	3
1875	79	54	36	6	12.5	10	0	1	1	3
1876	169	84	62	10	6.5	1	1	0	1	2
1877	160	75	44	10	12	5	1	0	1	8
1878	117	79	45	13	14.5	7	0	0	1	3
1879	84	58	42	6	13	15	1	0	0	5
1880	98	72	44	7	11.5	7	1	1	0	6
1881	112	72	51	8	6.5	5	1	1	0	5
1882	140	83	47	9	10.5	5	0	1	1	3
1883	94	61	42	6	12.5	10	1	0	1	2
1884	130	81	48	9	13.5	10	0	0	1	6
1885	105	66	40	8	17	5	1	0	1	2
1886	165	82	54	10	6	5	1	1	1	6
1887	85	58	44	6	10.5	10	1	0	0	3
1888	90	60	45	5	10.5	10	0	0	1	3
1889	85	55	35	6	10.5	5	0	1	0	3
1890	160	69	47	8	3	10	1	1	1	1
1891	118	77	43	11	7	5	0	0	1	4
1892	101	59	44	6	17	10	1	0	1	4
1893	98	60	45	5	7.5	7	1	0	0	3
1894	137	70	45	8	10.5	10	1	1	1	3
1895	245	80	49	10	3	10	1	1	0	1
1896	145	80	49	11	12.5	10	0	0	1	3
1897	118	80	45	13	12	15	1	0	1	5
1898	115	68	46	8	13.5	10	1	0	1	1
1899	105	65	39	8	17	10	1	0	0	2
1900	123	74	44	12	9	7	0	0	1	4
1901	117	75	42	10	12	5	1	0	1	5
1902	91	62	38	7	13.5	7	0	0	0	6
1903	145	80	53	9	6	2	1	1	1	6
1904	130	72	45	10	11.5	10	1	0	0	6
1905	200	87	60	15	11.5	3	1	1	1	6
1906	100	76	45	10	12	15	0	0	1	7
1907	160	77	42	8	6	5	0	0	1	6
1908	95	65	46	7	12.5	15	1	0	1	2
1909	112	72	50	9	17	10	1	1	0	2
1910	105	72	52	8	6	15	0	1	1	6
1911	125	66	40	10	12	20	1	0	1	8
1912	200	77	46	10	3	15	1	1	1	1
1913	170	100	57	14	12	10	1	0	0	5
1914	115	79	46	10	12.7	10	1	0	1	5
1915	95	56	42	7	3.5	10	1	1	0	7
1916	99	65	40	8	12.5	10	1	0	1	2
1917	94	55	41	5	13.5	10	1	1	1	1
1918	105	78	45	10	13	10	0	0	1	5
1919	205	87	58	9	7.5	5	1	1	1	3
1920	90	62	46	8	14.5	15	0	0	1	3
1921	100	64	38	8	14.5	15	0	0	1	2
1922	83	53	34	6	12.5	15	1	0	1	2
1923	93	70	50	9	12.5	10	1	0	0	2
1924	96	63	45	6	12.5	10	1	0	1	2
1925	88	60	40	5	7	7	1	0	1	4
1926	150	68	46	9	12	5	1	1	1	8
1927	105	67	48	8	13.5	15	1	0	1	6
1928	110	79	46	10	13	5	1	0	1	5
1929	118	86	54	10	12	15	1	0	1	5
1930	171	90	63	10	10.5	3	1	0	1	3
1931	451	156	80	20	10.5	5	0	1	1	3
1932	78	64	39	8	7	10	0	0	1	5
1933	165	76	52	9	8	2	1	1	1	1
1934	87	61	42	9	13.5	10	1	0	1	6
1935	85	60	40	6	13.5	5	0	0	1	6
1936	130	75	44	10	12.5	5	1	0	1	2
1937	93	64	45	7	14.5	3	1	0	1	2
1938	95	55	42	5	10.5	5	0	1	1	3
1939	179	65	45	8	9	5	1	1	1	3
1940	73	51	34	6	12	7	1	0	0	5
1941	420	102	70	20	3	2	1	1	1	1
1942	230	85	58	13	3	5	1	0	1	1
1943	154	75	36	12	7	5	1	0	1	4
1944	121	79	45	13	12	7	1	0	1	1
1945	150	81	54	9	9	5	0	1	0	3
1946	268	121	60	16	7.5	5	1	0	1	3
1947	115	68	46	7	14.5	15	1	0	1	3
1948	86	60	44	6	13.5	10	0	0	1	1
1949	185	99	67	9	9	10	1	1	0	4
1950	105	66	40	8	12.5	5	1	0	1	2
1951	95	59	43	6	15.5	5	0	0	1	1
1952	119	78	53	8	10.5	10	1	1	0	7
1953	160	68	44	8	17	5	1	0	1	2
1954	81	56	37	6	11.5	5	1	0	1	6
1955	133	65	47	8	12.5	5	1	0	1	3
1956	90	61	43	6	12.5	3	1	0	1	2
1957	148	90	55	8	13.5	7	0	1	0	1
1958	102	58	38	6	15.5	8	1	0	1	1
1959	265	136	88	14	10.5	10	1	1	1	3
1960	93	61	45	6	14.5	10	1	0	1	3
1961	103	74	43	10	13	7	0	0	1	5
1962	240	92	57	12	6.5	12	1	1	1	2
1963	92	59	38	6	15.5	10	1	0	1	1
1964	215	90	61	9	9	1	1	1	1	3
1965	117	61	44	6	4.5	5	1	1	1	8
1966	115	65	39	9	12.5	3	1	0	0	2
1967	185	68	47	8	4.5	5	1	1	1	8
1968	110	63	38	8	17	10	1	0	1	2
1969	120	80	45	9	12.7	15	1	0	1	5
1970	170	86	59	10	17	10	0	1	1	2
1971	114	77	45	10	12	10	0	0	1	7
1972	81	60	46	6	14.5	15	0	0	0	3
1973	104	73	44	10	13	5	0	0	1	5
1974	135	105	58	21	13.5	15	1	1	1	1
1975	79	59	43	6	12	10	0	0	0	7
1976	115	81	50	8	13	10	1	0	1	5
1977	91	78	45	10	17	10	1	0	1	4
1978	79	50	34	6	14.5	5	0	0	1	3
1979	136	78	45	10	12	10	1	0	0	1
1980	95	72	43	12	12.7	10	0	0	0	5
1981	78	56	38	6	13.5	5	0	0	0	6
1982	122	96	54	12	13.5	10	0	0	0	6
1983	142	70	45	9	3.5	3	1	0	1	7
1984	110	60	45	6	12	5	1	0	1	8
1985	103	74	45	9	13	10	1	0	1	5
1986	88	72	51	9	11.5	10	0	1	1	6
1987	105	60	43	6	17	5	1	0	1	4
1988	120	79	44	10	13	3	1	0	1	5
1989	150	74	48	12	12	5	1	0	1	8
1990	93	70	40	10	12	10	1	0	0	5
1991	125	75	45	10	13.5	10	0	0	1	6
1992	130	78	58	10	14.5	15	0	0	1	3
1993	120	80	45	13	12	15	1	0	1	5
1994	104	67	44	10	11.5	8	1	0	1	6
1995	105	67	45	9	12	7	0	0	1	7
1996	119	75	46	10	12	7	0	0	0	7
1997	99	57	42	6	12	10	1	1	1	8
1998	95	56	39	5	9	7	1	1	1	4
1999	89	60	42	6	12	7	0	0	1	8
2000	160	77	45	10	12	15	1	0	1	8
2001	90	60	42	6	17	3	1	0	1	2
2002	145	75	53	9	8	15	1	1	1	1
2003	155	60	40	11	7.5	5	1	1	1	3
2004	108	80	48	8	12	10	0	0	1	7
2005	115	76	45	10	12.7	5	0	0	1	5
2006	116	75	42	9	13.5	10	0	0	1	6
2007	151	111	64	16	14.5	10	0	1	1	3
2008	99	74	44	10	12	10	0	0	0	7
2009	96	60	45	6	12	5	0	0	1	7
2010	180	85	55	10	10.5	5	1	1	1	3
2011	126	64	44	7	8	2	1	0	0	1
2012	143	75	54	10	6.5	7	1	1	1	2
2013	370	111	60	13	8	5	1	1	1	1
2014	121	77	46	10	12.5	10	1	0	1	2
2015	150	75	51	8	12	15	1	0	0	8
2016	169	77	52	8	7	3	1	1	1	4
2017	125	74	46	8.5	12	5	1	0	1	5
2018	119	77	45	10	13	10	0	0	1	5
2019	145	75	46	10	9	15	1	0	1	4
2020	84	60	43	6	14.5	5	0	0	1	3
2021	98	68	44	8	10.5	10	1	0	1	7
2022	92	85	53	10	12	15	1	1	0	5
2023	81	60	44	6	13.5	10	0	0	1	1
2024	104	80	45	13	13	5	0	0	1	5
2025	130	75	45	8	11	10	1	1	1	8
2026	110	76	45	10	12	5	1	0	1	5
2027	72	50	34	7	17	10	1	0	1	4
2028	95	74	45	8	14.5	5	0	1	0	2
2029	95	64	45	7	17	5	1	0	1	2
2030	114	73	44	10	13.5	10	0	0	0	6
2031	129	64	39	9	13.5	5	0	0	1	1
2032	97	63	44	7	11.5	5	1	0	0	6
2033	97	72	43	10	12.7	10	0	0	1	5
2034	180	79	45	10	8	15	1	0	1	1
2035	110	77	47	10	13	10	1	0	1	5
2036	110	77	45	10	12	5	0	0	1	5
2037	95	60	43	6	9	5	0	0	1	4
2038	95	60	46	5	10.5	5	1	0	1	7
2039	129	76	48	10	12.5	5	0	0	1	3
2040	103	64	45	7	15.5	5	1	0	1	1
