STUDY	AGE	GENDER	DECISION	DEO1	DEO2	DEO3	DEO4	DEO5	DEO6	DEO7	DEO8	DEO9	DEO10	DEO	CON1	CON2	CON3	CON4	CON5	CON6	CON7	CON8	CON9	CON10	CON	NFC1 	NFC2 	NFC3	NFC4	NFC5	NFC6	NFC7	NFC8	NFC9	NFC10	NFC11	NFC12	NFC13	NFC14	NFC15	NFC16	NFC17	NFC18	NFC	EC1	EC2	EC3	EC4	EC5	EC6	EC7	EC	PT1	PT2	PT3	PT4	PT5	PT6	PT7	PT	PP1	PP2	PP3	PP4	PP5	PP6	PP7	PP8	PP9	PP10	PP11	PP12	PP13	PP14	PP15	PP16	PP	MID1	MID2	MID3	MID4	MID5	MID6	MID7	MID8	MID9	MID10	I1	I2	I3	I4	I5	I	S1	S2	S3	S4	S5	S	AE1	AE2	AE3	AE4	AE5	AE6	AE7	AE8	AE9	AE10	AE11	AE12	AE13	AE14	AE15	AE16	AE17	AE18	AE19	AE20	AE21	AE22	AE	MOUSE1	MOUSE2	MOUSE3	MOUSE	DOUBT	OTHERCHOICE	UNCOMFORTABLE	NOSHOCK	RT
1	38	1	NA	2	2	2	1	2	2	4	2	2	2	2.1	4	4	4	5	4	4	2	4	4	4	3.9	4	4	4	4	4	4	4	4	4	4	4	4	4	4	4	4	3	5	4	5	5	5	5	5	4	4	4.714285714	5	5	5	4	5	5	5	4.857142857	1	2	1	1	1	2	2	2	1	1	1	2	1	2	1	1	1.375	3	7	1	4	1	7	7	7	7	3	7	7	7	7	7	7	3	1	4	1	3	2.4	3	3	2	4	5	4	5	6	5	5	6	6	6	7	4	6	6	6	4	5	7	5	5	6	5	5	5.333333333	NA	NA	NA	NA	NA
1	22	1	NA	1	2	2	1	2	1	2	1	2	1	1.5	4	4	4	4	4	5	3	4	4	5	4.1	4	4	5	5	5	5	5	4	5	4	4	4	4	5	5	5	4	5	4.555555556	4	4	5	3	5	3	3	3.857142857	5	4	4	4	4	3	3	3.857142857	1	2	2	1	3	2	2	2	1	1	2	1	1	2	1	2	1.625	1	4	1	4	4	6	2	4	2	1	4	6	2	4	2	3.6	1	1	4	4	1	2.2	5	5	6	4	6	5	7	6	5	7	6	6	7	7	5	7	3	7	7	3	6	6	5.727272727	5	6	6	5.666666667	NA	NA	NA	NA	NA
1	39	1	NA	1	1	3	5	3	1	4	3	3	1	2.5	4	1	4	1	3	1	1	1	3	5	2.4	3	3	4	3	1	3	3	2	2	4	4	4	3	4	4	4	3	1	3.055555556	5	4	2	4	4	3	5	3.857142857	4	5	5	2	5	4	4	4.142857143	3	2	3	3	4	3	2	3	2	1	4	1	1	2	1	2	2.3125	4	7	1	2	2	7	6	6	5	5	7	7	6	6	5	6.2	4	1	2	2	5	2.8	7	7	1	7	1	7	7	6	5	6	7	6	7	6	5	2	6	7	7	4	4	7	5.545454545	6	6	6	6	NA	NA	NA	NA	NA
1	21	0	1	2	3	3	3	3	2	3	3	3	3	2.8	4	3	3	2	3	4	3	2	2	3	2.9	3	4	5	4	5	3	5	3	4	4	3	5	4	3	4	4	5	4	4	4	4	4	4	5	4	5	4.285714286	5	5	4	4	4	4	4	4.285714286	2	1	1	2	3	2	1	2	2	1	1	2	1	1	1	1	1.5	3	7	4	4	3	7	6	6	6	3	7	7	6	6	6	6.4	3	4	4	3	3	3.4	7	7	2	5	5	6	6	7	5	2	7	6	7	3	3	5	4	6	6	2	6	6	5.136363636	4	7	7	6	2	0	6	80	9.212427
1	20	0	1	4	2	2	2	2	2	3	2	3	3	2.5	3	2	2	1	4	4	2	3	2	3	2.6	2	2	3	4	3	3	4	3	4	2	5	5	3	5	3	1	3	3	3.222222222	3	4	5	4	5	5	5	4.428571429	4	4	3	5	4	3	3	3.714285714	1	1	2	2	4	2	1	1	2	2	1	3	1	1	1	1	1.625	6	7	4	7	6	6	6	6	5	5	7	6	6	6	5	6	6	4	7	6	5	5.6	6	5	1	3	2	4	7	6	6	4	6	6	4	6	3	4	2	4	5	2	3	3	4.181818182	4	6	6	5.333333333	4	0	6.5	75	17.071711
1	21	1	1	1	2	3	2	3	2	3	2	2	2	2.2	4	2	3	4	3	4	3	4	2	4	3.3	4	4	4	3	5	2	3	3	3	3	4	4	2	2	4	3	5	4	3.444444444	2	3	5	2	3	1	2	2.571428571	4	4	2	3	4	1	4	3.142857143	2	1	2	1	3	1	1	2	2	3	1	1	1	3	2	1	1.6875	5	7	2	2	4	7	7	7	7	5	7	7	7	7	7	7	5	2	2	4	5	3.6	3	4	2	5	2	3	5	6	4	5	4	3	5	6	4	6	2	5	3	6	4	3	4.090909091	1	3	3	2.333333333	1	0	3	90	9.827884
1	23	1	1	2	2	3	2	2	2	2	2	2	2	2.1	4	2	3	4	4	4	4	4	4	4	3.7	4	2	4	4	3	1	2	3	4	4	4	4	4	4	4	3	4	4	3.444444444	4	3	3	4	5	3	4	3.714285714	2	4	4	4	3	2	2	3	2	3	1	1	2	2	1	2	1	1	1	2	2	3	2	1	1.6875	3	6	5	2	3	7	6	4	6	5	6	7	6	4	6	5.8	3	5	2	3	5	3.6	6	3	2	3	5	4	6	6	6	3	5	6	6	7	5	5	5	6	5	4	5	5	4.909090909	3	7	5	5	1	0	2.5	100	10.14303
1	20	1	1	5	4	4	4	4	2	5	4	3	2	3.7	2	2	2	3	4	4	1	2	4	4	2.8	4	3	4	2	2	2	3	2	2	3	3	4	2	3	2	2	4	5	2.888888889	4	3	4	3	5	3	4	3.714285714	5	5	5	4	3	2	4	4	2	3	2	2	4	2	1	2	3	2	2	2	2	1	1	1	2	5	6	2	1	2	7	3	3	4	3	6	7	3	3	4	4.6	5	2	1	2	3	2.6	7	6	3	5	4	4	6	5	2	3	6	6	6	6	4	6	4	6	3	4	3	3	4.636363636	5	3	4	4	1	0	5.5	70	7.447534
1	20	0	1	2	3	4	4	4	1	4	5	2	4	3.3	5	1	2	5	4	5	3	1	4	4	3.4	4	4	5	4	5	4	4	2	3	3	5	4	4	4	3	5	5	3	3.944444444	5	5	1	5	5	5	5	4.428571429	5	5	4	4	3	3	4	4	2	3	4	1	3	1	2	2	2	2	1	2	1	2	2	1	1.9375	7	6	2	6	7	7	7	7	5	5	6	7	7	7	5	6.4	7	2	6	7	5	5.4	6	2	1	5	6	6	6	7	7	5	3	3	7	7	6	7	4	7	6	2	4	6	5.136363636	4	3	3	3.333333333	5	0	4	100	8.940727
1	19	0	1	3	3	2	2	3	3	3	2	3	3	2.7	2	2	2	2	2	2	3	2	2	2	2.1	3	3	3	4	4	3	3	2	4	4	4	4	4	4	4	4	3	4	3.555555556	4	4	5	5	5	4	4	4.428571429	5	4	4	4	4	4	4	4.142857143	3	2	2	1	3	1	2	2	1	1	2	2	1	3	1	1	1.75	5	6	3	5	5	7	5	6	6	4	6	7	5	6	6	6	5	3	5	5	4	4.4	6	3	3	3	6	4	5	6	6	6	4	5	6	6	6	5	6	6	6	5	5	4	5.090909091	6	5	5	5.333333333	6	0	7	65	11.201561
1	19	0	1	2	2	3	3	2	2	3	2	2	1	2.2	4	3	2	2	4	4	3	4	4	5	3.5	3	5	4	5	5	3	4	5	3	4	3	4	3	5	4	3	3	4	3.888888889	4	2	5	4	4	4	5	4	4	5	5	5	4	3	3	4.142857143	3	3	3	1	2	1	1	2	2	2	1	3	2	4	2	2	2.125	2	7	5	4	3	7	6	6	5	2	7	7	6	6	5	6.2	2	5	4	3	2	3.2	6	4	6	1	7	3	7	6	1	5	5	3	7	1	7	7	1	6	5	5	5	5	4.681818182	6	6	6	6	6	0	7	0	14.392954
1	19	0	0	2	2	3	3	3	2	4	3	2	2	2.6	4	2	1	1	3	4	2	2	2	3	2.4	2	3	4	3	2	3	2	4	3	2	3	2	2	2	3	4	4	3	2.833333333	3	2	3	4	3	3	4	3.142857143	4	4	4	2	4	2	3	3.285714286	1	3	1	1	3	1	1	2	2	2	2	2	1	1	1	2	1.625	4	6	3	2	3	7	5	6	6	4	6	7	5	6	6	6	4	3	2	3	4	3.2	6	2	4	3	6	4	6	3	7	5	4	6	7	7	6	7	5	7	7	5	6	6	5.409090909	6	1	1	2.666666667	4	0	7	50	NA
1	19	1	1	1	2	2	2	1	1	2	2	1	1	1.5	5	3	5	4	5	5	5	3	5	5	4.5	4	4	5	5	5	5	4	3	5	4	5	5	4	5	4	5	4	5	4.5	4	4	5	4	5	5	4	4.428571429	3	5	5	5	5	4	3	4.285714286	1	2	3	1	3	1	3	2	4	1	1	2	1	4	2	1	2	4	2	5	4	3	7	5	5	5	2	2	7	5	5	5	4.8	4	5	4	3	2	3.6	5	3	4	2	5	4	6	6	5	5	4	4	7	6	5	6	1	7	6	6	5	6	4.909090909	3	6	6	5	2	0	2	75	3.900421
1	19	0	1	1	3	1	2	1	2	3	1	3	2	1.9	3	3	1	4	1	3	3	1	3	4	2.6	3	3	5	4	4	4	3	4	4	3	3	5	2	3	3	4	5	3	3.611111111	5	4	4	3	5	4	5	4.285714286	4	3	3	3	3	2	2	2.857142857	3	2	1	2	2	2	1	2	1	1	3	2	1	1	1	1	1.625	2	7	3	1	2	7	5	5	6	4	7	7	5	5	6	6	2	3	1	2	4	2.4	4	6	5	5	7	4	5	7	5	5	6	6	5	7	3	6	5	7	6	6	5	5	5.454545455	6	7	5	6	2	0	1	100	6.014844
1	21	0	NA	2	4	3	3	2	2	3	3	2	2	2.6	5	2	3	2	5	4	3	2	4	3	3.3	3	4	4	5	4	4	4	5	3	4	4	4	1	4	4	2	2	4	3.611111111	2	2	3	3	4	3	3	2.857142857	4	5	4	5	5	3	4	4.285714286	2	2	3	3	3	2	3	2	2	2	3	2	1	3	3	1	2.3125	4	3	4	3	3	6	5	4	6	4	3	6	5	4	6	4.8	4	4	3	3	4	3.6	7	3	5	2	6	4	7	6	5	6	6	4	7	5	6	5	6	5	6	7	6	7	5.5	5	6	7	6	NA	NA	NA	NA	NA
1	19	1	1	2	3	3	2	3	1	4	3	2	2	2.5	5	2	4	4	4	5	2	4	4	4	3.8	4	4	3	3	3	3	4	4	4	4	3	5	3	4	3	3	2	3	3.444444444	4	4	4	4	4	3	3	3.714285714	4	5	4	3	4	2	3	3.571428571	3	3	3	3	2	2	3	3	2	2	2	3	3	3	2	2	2.5625	4	5	2	2	3	6	4	5	5	5	5	6	4	5	5	5	4	2	2	3	5	3.2	4	2	4	2	5	3	4	4	5	5	6	4	5	5	4	7	3	5	4	6	5	4	4.363636364	2	3	3	2.666666667	2	0	2	70	6.257604
1	19	1	1	1	3	2	2	2	1	3	3	2	1	2	5	3	5	5	5	5	4	4	5	5	4.6	4	4	4	4	4	2	3	5	4	4	4	4	4	4	2	4	2	3	3.611111111	3	4	4	4	4	3	4	3.714285714	4	3	5	1	4	3	3	3.285714286	3	2	3	2	2	2	3	3	3	2	2	1	1	4	2	2	2.3125	5	6	4	3	4	7	5	4	6	5	6	7	5	4	6	5.6	5	4	3	4	5	4.2	5	3	2	6	5	5	5	6	6	2	5	5	2	7	5	5	4	5	6	7	6	7	4.954545455	1	4	4	3	2	0	3	70	8.35017
1	19	1	1	2	5	1	1	1	1	3	3	5	3	2.5	4	1	5	5	5	5	3	3	1	3	3.5	4	4	4	4	4	3	4	3	4	4	4	4	3	4	4	2	3	3	3.611111111	1	3	3	3	2	2	1	2.142857143	4	4	4	2	3	3	2	3.142857143	4	1	4	3	3	2	3	3	2	3	3	2	2	3	2	2	2.625	4	5	3	3	5	6	2	2	5	4	5	6	2	2	5	4	4	3	3	5	4	3.8	6	3	3	4	2	6	3	5	5	3	4	5	4	6	3	6	2	4	5	6	5	5	4.318181818	4	5	4	4.333333333	4	0	6	90	4.851916
1	19	0	1	2	3	3	4	3	3	2	4	3	4	3.1	4	2	3	1	3	4	2	2	2	2	2.5	3	3	3	4	3	3	4	4	2	3	3	4	3	2	4	4	4	4	3.333333333	4	4	4	4	4	4	4	4	4	4	4	4	5	1	3	3.571428571	1	2	3	2	4	2	2	3	2	4	1	1	2	3	2	1	2.1875	7	6	4	4	6	7	5	4	6	7	6	7	5	4	6	5.6	7	4	4	6	7	5.6	7	1	3	4	7	2	6	6	4	6	6	5	7	7	6	5	3	7	5	5	6	5	5.136363636	4	4	4	4	2.5	0	6	50	6.495464
1	19	1	1	2	3	2	1	2	1	2	2	2	1	1.8	4	1	3	5	3	4	2	4	2	5	3.3	2	4	2	2	2	2	2	4	2	3	3	2	4	4	2	2	1	2	2.5	3	4	4	3	3	2	3	3.142857143	2	4	3	2	3	2	3	2.714285714	3	2	3	3	3	3	2	3	2	2	3	2	2	3	2	2	2.5	5	5	4	4	5	6	5	4	6	4	5	6	5	4	6	5.2	5	4	4	5	4	4.4	6	3	2	5	1	4	5	6	5	5	3	5	5	6	5	2	4	6	4	3	4	5	4.272727273	5	6	3	4.666666667	1	0	1	100	4.715757
1	19	0	1	1	5	3	2	3	1	4	5	2	2	2.8	1	1	1	3	3	5	1	1	3	2	2.1	3	4	2	3	4	1	2	3	4	4	2	4	2	3	3	5	5	4	3.222222222	5	5	4	4	5	5	4	4.571428571	5	5	5	5	3	3	3	4.142857143	4	4	2	2	3	1	3	1	2	3	1	3	3	3	2	1	2.375	7	7	3	4	4	7	6	6	7	2	7	7	6	6	7	6.6	7	3	4	4	2	4	5	5	3	5	2	4	4	4	1	3	4	1	5	1	1	1	1	4	1	1	1	1	2.636363636	2	2	2	2	2	0	7	0	15.143393
1	19	0	1	3	3	2	3	3	3	2	3	3	3	2.8	4	3	2	4	4	4	4	4	4	4	3.7	2	2	3	2	4	2	2	3	2	3	2	2	2	3	2	2	2	4	2.444444444	4	4	4	4	4	4	4	4	4	4	4	3	4	2	3	3.428571429	1	3	3	1	3	2	2	2	1	1	1	3	1	3	1	1	1.8125	3	7	4	4	2	7	6	6	7	5	7	7	6	6	7	6.6	3	4	4	2	5	3.6	2	1	2	5	7	3	6	7	7	7	4	7	7	7	6	7	4	6	7	6	5	4	5.318181818	3	4	4	3.666666667	6	0	7	0	12.789853
1	18	1	1	2	3	3	3	3	2	3	3	3	3	2.8	4	1	1	3	4	3	4	1	3	4	2.8	3	2	4	4	3	2	2	1	2	3	3	4	4	3	3	2	3	2	2.777777778	3	4	3	4	4	4	3	3.571428571	4	3	2	4	3	2	2	2.857142857	2	2	3	2	2	2	3	2	2	2	2	2	2	3	2	2	2.1875	5	6	5	2	3	7	5	3	6	3	6	7	5	3	6	5.4	5	5	2	3	3	3.6	5	4	2	6	2	4	3	7	3	3	6	5	4	6	2	6	2	4	5	6	5	3	4.227272727	6	5	3	4.666666667	4	0	5	0	5.502697
1	19	0	1	1	4	1	4	2	1	2	5	1	1	2.2	5	1	1	2	4	4	2	1	4	5	2.9	3	1	3	4	3	4	4	4	3	2	4	4	3	3	3	4	3	4	3.277777778	4	4	3	5	5	4	5	4.285714286	5	4	4	4	4	4	4	4.142857143	1	1	2	1	2	1	2	1	2	1	1	1	1	2	2	2	1.4375	2	7	3	3	5	7	5	6	6	4	7	7	5	6	6	6.2	2	3	3	5	4	3.4	4	3	5	4	5	5	5	4	4	3	3	4	4	5	3	5	1	5	4	5	3	4	4	4	5	4	4.333333333	2	0	7	90	13.306299
1	19	0	1	2	3	4	2	3	1	5	5	2	2	2.9	4	3	2	4	4	5	1	1	3	4	3.1	4	4	5	5	5	4	5	5	5	5	4	5	4	4	5	3	4	4	4.444444444	5	5	5	5	5	5	5	5	5	5	5	5	5	5	5	5	1	1	3	3	1	3	2	4	1	1	2	1	1	4	1	2	1.9375	2	7	1	4	4	7	7	7	7	2	7	7	7	7	7	7	2	1	4	4	2	2.6	6	5	3	7	7	7	6	7	7	7	7	7	7	7	5	7	7	7	6	7	6	7	6.454545455	5	6	6	5.666666667	4	0	7	90	16.28628
1	19	1	1	1	1	3	4	2	1	3	3	2	3	2.3	5	1	3	4	3	5	3	1	2	5	3.2	2	2	4	3	4	2	3	5	3	4	3	4	1	2	2	3	5	3	3.055555556	4	5	3	4	4	3	4	3.857142857	4	4	4	4	4	4	4	4	3	2	3	2	2	1	2	2	1	1	2	2	1	4	1	2	1.9375	5	7	1	1	1	7	5	5	5	4	7	7	5	5	5	5.8	5	1	1	1	4	2.4	5	3	2	6	6	7	6	7	6	6	5	7	7	7	6	7	5	7	7	7	7	5	5.954545455	7	7	5	6.333333333	1	0	5	90	2.834183
1	19	1	1	2	3	3	4	2	1	4	3	4	2	2.8	3	1	2	3	3	2	3	1	3	4	2.5	3	3	3	4	3	3	2	3	2	3	4	4	2	3	2	2	3	4	2.944444444	2	2	2	2	3	3	3	2.428571429	4	4	4	4	4	2	2	3.428571429	3	4	3	2	2	3	2	3	2	3	2	3	2	3	2	2	2.5625	3	4	5	1	3	4	4	4	4	4	4	4	4	4	4	4	3	5	1	3	4	3.2	4	5	5	4	4	4	5	4	3	4	3	4	4	4	3	4	1	4	4	4	4	4	3.863636364	5	4	5	4.666666667	5	0	5	75	13.204802
1	19	1	1	2	3	3	2	2	2	4	4	3	2	2.7	4	3	3	4	4	4	2	2	3	4	3.3	3	3	3	3	3	3	4	4	2	4	3	3	3	4	3	3	5	4	3.333333333	3	3	4	3	4	3	3	3.285714286	3	5	3	4	3	3	4	3.571428571	2	2	1	1	2	2	2	3	2	3	1	2	1	2	3	2	1.9375	3	7	4	3	2	7	6	6	6	3	7	7	6	6	6	6.4	3	4	3	2	3	3	3	3	3	4	4	3	5	5	6	4	4	5	6	6	4	6	4	6	4	6	4	3	4.454545455	4	6	5	5	2	0	4	60	6.475876
1	19	1	1	3	4	4	3	1	1	3	3	4	1	2.7	5	2	2	3	5	5	4	3	4	5	3.8	3	4	5	5	5	4	4	4	4	4	4	4	3	3	4	4	4	5	4.055555556	4	3	3	4	5	4	4	3.857142857	5	4	5	4	4	4	4	4.285714286	2	2	1	3	3	3	2	2	2	2	2	2	2	2	2	2	2.125	3	7	5	1	5	7	7	6	6	6	7	7	7	6	6	6.6	3	5	1	5	6	4	6	5	1	3	5	3	7	7	7	6	7	5	7	7	4	5	6	7	5	7	7	4	5.5	2	5	5	4	2	0	2	40	8.112592
1	19	1	1	1	3	2	2	2	1	2	4	2	2	2.1	5	3	4	5	4	5	5	3	3	5	4.2	1	3	2	2	3	2	3	4	2	4	2	2	2	4	3	2	2	3	2.555555556	2	3	3	4	3	2	2	2.714285714	4	4	2	2	2	2	3	2.714285714	3	3	2	3	2	3	2	4	2	3	3	2	2	4	1	2	2.5625	4	3	3	5	4	6	2	2	5	4	3	6	2	2	5	3.6	4	3	5	4	4	4	6	2	2	3	2	4	6	3	7	5	4	3	5	6	5	6	2	6	4	5	3	4	4.227272727	5	5	4	4.666666667	1	0	2	100	11.550315
1	20	1	1	2	5	4	2	2	3	2	3	3	3	2.9	4	1	1	4	4	4	3	3	4	3	3.1	3	3	4	4	4	3	4	3	4	4	4	4	3	4	3	3	4	4	3.611111111	4	4	4	4	4	3	4	3.857142857	4	4	4	3	3	3	3	3.428571429	2	1	1	3	2	2	2	1	2	1	2	1	1	3	1	1	1.625	4	7	1	1	2	7	6	6	7	4	7	7	6	6	7	6.6	4	1	1	2	4	2.4	7	6	1	5	5	7	6	7	7	6	4	6	7	7	4	7	2	6	7	6	5	6	5.636363636	5	7	6	6	5	0	5	99	15.830459
1	18	1	0	2	4	2	2	2	2	2	4	4	2	2.6	4	1	4	4	4	4	4	1	2	4	3.2	5	3	5	5	5	4	5	5	4	4	4	5	4	4	1	5	4	4	4.222222222	2	2	2	2	3	4	3	2.571428571	3	2	3	2	3	3	3	2.714285714	3	2	3	3	4	3	3	3	3	3	3	1	2	3	1	3	2.6875	3	4	3	2	5	6	5	4	4	4	4	6	5	4	4	4.6	3	3	2	5	4	3.4	5	3	2	5	3	5	4	6	5	5	5	2	5	5	4	5	5	5	5	6	3	5	4.454545455	2	3	4	3	3	0	2	60	NA
1	19	0	1	2	1	1	1	1	1	3	2	1	1	1.4	3	1	1	3	2	3	1	1	1	4	2	2	3	4	4	4	3	4	3	4	3	2	4	3	2	2	4	3	3	3.166666667	4	5	3	5	5	4	4	4.285714286	4	4	5	4	3	3	3	3.714285714	2	1	1	1	2	1	1	2	1	1	2	1	1	1	2	1	1.3125	5	6	2	2	5	7	7	7	7	4	6	7	7	7	7	6.8	5	2	2	5	4	3.6	6	3	6	2	6	4	7	6	5	6	5	6	7	7	4	5	7	6	4	2	5	7	5.272727273	5	7	5	5.666666667	5	0	7	70	18.132611
1	19	0	1	3	3	3	3	3	3	2	3	4	2	2.9	3	1	2	2	3	2	3	1	2	3	2.2	2	2	3	3	3	2	2	2	3	4	3	3	2	3	2	3	2	3	2.611111111	4	3	3	4	4	4	4	3.714285714	4	4	4	3	4	3	4	3.714285714	3	2	3	2	2	3	2	2	2	2	1	2	2	2	2	3	2.1875	3	6	1	3	4	7	5	5	6	3	6	7	5	5	6	5.8	3	1	3	4	3	2.8	7	2	2	5	4	5	6	7	3	3	4	6	6	7	5	6	5	6	6	7	7	7	5.272727273	4	5	4	4.333333333	2	0	6	20	5.352456
1	22	1	0	2	4	4	4	3	1	4	4	4	2	3.2	2	2	2	2	2	5	4	1	4	5	2.9	4	4	5	5	4	4	4	4	5	5	5	5	5	3	2	4	4	5	4.277777778	4	3	5	4	4	4	5	4.142857143	5	5	5	4	5	3	5	4.571428571	1	1	2	2	2	2	2	3	2	3	1	1	1	2	1	1	1.6875	6	5	2	4	3	7	6	6	6	5	5	7	6	6	6	6	6	2	4	3	5	4	3	3	2	4	4	3	5	7	7	5	3	5	6	7	4	6	4	6	4	2	4	3	4.409090909	3	6	4	4.333333333	5	0	5	70	NA
1	19	1	NA	3	4	3	2	4	2	4	3	3	1	2.9	4	2	4	4	4	5	2	2	3	5	3.5	4	2	4	4	3	2	2	4	2	4	2	3	2	4	4	4	3	5	3.222222222	4	2	2	2	4	3	4	3	2	2	3	2	3	5	5	3.142857143	3	2	3	3	2	4	2	2	2	2	1	4	2	3	3	3	2.5625	3	6	3	1	5	7	5	4	6	4	6	7	5	4	6	5.6	3	3	1	5	4	3.2	6	4	1	6	2	2	3	7	5	2	5	4	5	7	6	6	6	2	2	7	4	1	4.227272727	7	3	3	4.333333333	NA	NA	NA	NA	NA
1	19	1	NA	2	4	4	2	3	2	2	2	3	3	2.7	5	2	4	4	4	5	4	4	3	4	3.9	2	2	4	2	4	2	4	5	2	3	4	3	4	4	4	4	4	4	3.388888889	2	2	4	2	3	2	3	2.571428571	5	5	5	4	3	5	2	4.142857143	2	3	3	2	2	3	3	2	1	1	1	3	2	4	2	1	2.1875	5	6	3	2	3	7	6	6	7	2	6	7	6	6	7	6.4	5	3	2	3	2	3	4	2	1	6	6	1	5	6	5	5	5	4	6	3	5	4	5	6	3	7	3	3	4.318181818	3	5	2	3.333333333	NA	NA	NA	NA	NA
1	18	0	1	2	2	2	1	1	1	3	2	2	1	1.7	3	2	2	3	5	4	1	2	2	4	2.8	2	1	4	3	4	3	5	3	2	5	4	5	2	3	2	4	4	4	3.333333333	4	4	2	4	4	4	5	3.857142857	5	4	5	3	5	5	5	4.571428571	1	1	3	1	1	1	2	2	1	1	1	2	1	1	1	1	1.3125	3	7	4	5	1	7	6	6	5	3	7	7	6	6	5	6.2	3	4	5	1	3	3.2	3	4	6	6	5	3	1	7	7	4	7	4	5	5	4	7	5	5	4	1	1	1	4.318181818	1	7	7	5	3	0	5	50	6.038822
1	18	0	1	3	3	3	3	3	3	3	3	3	4	3.1	3	1	1	2	3	3	3	1	4	1	2.2	4	4	4	5	5	4	4	3	4	4	5	4	4	3	3	3	4	4	3.944444444	4	4	5	4	4	5	5	4.428571429	4	4	4	4	4	3	4	3.857142857	2	2	3	2	2	2	3	3	2	2	1	2	2	2	1	2	2.0625	3	6	3	4	3	7	7	7	7	3	6	7	7	7	7	6.8	3	3	4	3	3	3.2	7	5	7	5	4	2	5	5	7	4	6	5	6	7	5	7	2	7	5	2	3	5	5.045454545	3	7	7	5.666666667	3	0	7	0	10.23601
1	18	1	1	2	2	2	3	2	2	3	3	3	2	2.4	4	2	2	4	3	4	3	1	4	4	3.1	3	2	4	3	4	1	5	4	2	5	3	4	1	2	3	4	5	4	3.277777778	5	4	4	3	5	4	4	4.142857143	5	4	5	2	4	3	4	3.857142857	2	3	2	1	2	2	2	1	1	1	1	3	1	1	1	1	1.5625	6	7	5	4	6	7	6	7	7	6	7	7	6	7	7	6.8	6	5	4	6	6	5.4	7	3	4	4	7	4	6	7	7	5	6	7	6	7	4	7	2	6	6	4	4	3	5.272727273	3	5	4	4	3	0	5	50	13.966976
1	19	0	1	2	2	2	2	2	2	3	2	3	2	2.2	4	2	3	3	3	4	3	3	2	4	3.1	2	2	3	3	3	3	3	4	3	3	4	4	2	4	2	3	3	3	3	4	2	4	4	4	4	5	3.857142857	4	4	5	3	2	2	3	3.285714286	3	2	3	1	2	3	1	3	2	1	1	3	2	3	3	2	2.1875	5	1	5	5	5	7	6	7	7	5	1	7	6	7	7	5.6	5	5	5	5	5	5	6	4	5	3	5	7	5	4	5	6	4	2	7	7	6	6	4	6	5	7	7	4	5.227272727	3	5	5	4.333333333	1	0	3.5	50	8.112786
1	19	1	1	3	4	4	3	3	1	3	4	2	2	2.9	5	3	4	4	4	5	3	2	3	5	3.8	3	2	4	4	4	4	2	4	2	4	4	5	3	3	4	4	4	5	3.611111111	3	2	4	3	4	4	3	3.285714286	5	4	4	2	4	3	3	3.571428571	2	3	2	2	2	2	2	2	1	2	1	3	1	2	2	1	1.875	2	7	3	4	3	7	7	7	7	3	7	7	7	7	7	7	2	3	4	3	3	3	4	6	3	7	7	5	7	7	7	7	7	4	7	7	7	7	6	7	6	7	7	7	6.318181818	4	7	7	6	5	0	6	50	16.467138
1	19	0	1	3	2	1	3	2	1	3	2	3	3	2.3	4	2	1	4	2	4	2	1	3	4	2.7	3	3	4	4	4	3	4	3	4	3	4	4	2	3	3	4	5	4	3.555555556	3	2	4	3	4	3	4	3.285714286	4	5	3	4	3	2	3	3.428571429	2	2	2	1	2	2	2	1	1	1	1	2	1	3	1	1	1.5625	2	3	4	3	4	7	3	3	5	3	3	7	3	3	5	4.2	2	4	3	4	3	3.2	5	3	3	6	7	5	5	6	7	5	5	7	6	7	6	7	5	6	6	6	7	7	5.772727273	5	6	6	5.666666667	5	0	7	80	13.226774
1	18	1	1	1	3	2	2	3	1	3	4	3	2	2.4	4	3	2	3	4	5	2	1	3	4	3.1	3	2	5	4	5	3	4	5	4	3	4	4	2	4	2	3	3	4	3.555555556	3	2	4	3	4	2	2	2.857142857	4	5	4	4	4	1	2	3.428571429	2	2	2	3	2	1	2	1	2	1	2	2	1	2	1	2	1.75	2	7	1	1	3	7	4	5	7	2	7	7	4	5	7	6	2	1	1	3	2	1.8	2	1	1	6	1	4	6	7	6	6	4	7	6	5	1	4	7	7	4	5	2	5	4.409090909	2	4	3	3	3	0	4	90	5.847557
1	18	1	1	3	2	2	2	3	3	2	4	3	1	2.5	3	4	4	4	4	3	4	2	3	4	3.5	3	3	5	2	4	2	2	3	3	4	3	4	4	3	3	4	2	3	3.166666667	4	3	4	3	3	3	2	3.142857143	3	5	4	3	3	3	3	3.428571429	3	2	4	3	3	2	2	3	2	2	1	1	2	2	1	2	2.1875	5	5	3	2	3	5	5	4	6	4	5	5	5	4	6	5	5	3	2	3	4	3.4	3	3	2	6	6	5	6	7	5	5	6	6	6	2	6	6	3	6	5	6	5	5	5	4	5	5	4.666666667	2	0	4.5	80	14.130201
1	18	0	0	2	3	2	4	3	2	3	3	3	2	2.7	2	2	3	4	3	4	3	3	2	4	3	3	4	4	4	4	4	3	5	4	4	4	4	4	3	3	4	4	5	3.888888889	4	5	4	5	2	3	5	4	5	5	4	4	4	3	5	4.285714286	1	2	1	1	1	1	1	2	1	1	1	1	1	1	1	1	1.125	7	7	5	5	6	7	7	6	7	6	7	7	7	6	7	6.8	7	5	5	6	6	5.8	7	3	5	4	7	7	7	7	7	3	4	7	7	7	4	7	7	7	7	7	7	1	5.863636364	7	7	7	7	7	1	7	35	NA
1	19	0	1	3	4	4	4	2	2	3	2	3	3	3	2	2	1	1	2	4	2	1	1	1	1.7	2	3	4	4	4	4	3	2	1	3	2	4	4	5	2	1	3	4	3.055555556	4	4	2	3	5	4	4	3.714285714	5	4	4	3	4	4	2	3.714285714	3	3	2	2	2	2	2	1	2	2	2	3	2	2	2	1	2.0625	4	6	3	3	3	6	4	4	6	2	6	6	4	4	6	5.2	4	3	3	3	2	3	7	4	3	3	6	5	6	6	7	6	7	5	7	7	6	4	5	7	5	5	6	5	5.545454545	6	7	7	6.666666667	3	0	5.5	35	4.644494
1	20	0	1	2	3	3	3	3	2	3	3	3	2	2.7	4	3	3	4	3	4	3	4	3	5	3.6	3	3	4	4	3	2	4	5	3	4	4	4	2	2	3	4	4	4	3.444444444	4	2	3	3	4	4	4	3.428571429	5	5	4	5	4	2	4	4.142857143	3	3	2	1	4	2	1	3	3	3	1	3	2	1	2	2	2.25	3	6	4	4	4	7	6	6	6	4	6	7	6	6	6	6.2	3	4	4	4	4	3.8	7	2	6	6	7	7	7	7	6	1	4	6	7	7	4	4	5	7	6	6	7	2	5.5	7	6	6	6.333333333	5	0	6	10	4.859487
1	19	1	1	1	3	2	3	2	1	2	2	1	1	1.8	5	3	4	4	5	5	4	4	4	4	4.2	2	4	4	4	2	1	2	1	3	4	5	4	1	5	3	4	3	5	3.166666667	4	2	5	3	5	4	4	3.857142857	5	4	4	3	5	1	3	3.571428571	3	3	1	4	3	3	3	2	3	3	1	3	1	4	4	1	2.625	4	2	6	2	2	4	6	7	5	6	2	4	6	7	5	4.8	4	6	2	2	6	4	7	1	1	6	7	5	7	7	7	5	7	6	7	7	6	4	6	7	4	7	7	7	5.818181818	4	7	6	5.666666667	1	0	3	49	3.897559
1	18	0	1	1	4	4	3	2	1	4	4	5	3	3.1	4	2	1	5	4	5	2	2	5	5	3.5	4	1	4	4	3	2	2	5	2	4	3	4	3	4	4	5	4	5	3.5	5	2	5	4	5	3	5	4.142857143	3	4	3	4	4	2	2	3.142857143	3	1	1	2	1	2	1	2	1	1	1	1	1	4	1	1	1.5	5	7	4	6	6	7	7	7	7	5	7	7	7	7	7	7	5	4	6	6	5	5.2	7	5	4	7	7	6	6	7	7	1	7	7	6	7	6	5	7	7	7	6	4	3	5.863636364	3	7	1	3.666666667	2	0	7	80	15.908904
1	19	0	1	1	3	2	2	4	3	4	2	2	2	2.5	4	1	2	3	2	4	2	2	2	4	2.6	4	2	4	4	4	5	4	3	3	4	4	4	4	4	3	4	5	5	3.888888889	4	4	5	3	5	3	4	4	5	5	5	4	5	4	5	4.714285714	3	1	2	3	4	2	1	4	1	1	1	1	1	2	1	1	1.8125	4	7	3	2	6	7	7	7	7	6	7	7	7	7	7	7	4	3	2	6	6	4.2	4	3	2	5	1	7	5	6	6	3	4	2	4	3	5	7	5	5	2	1	5	7	4.181818182	6	7	6	6.333333333	1	0	5	85	6.573035
1	18	0	1	2	3	1	2	1	1	2	1	1	1	1.5	1	2	1	3	2	3	2	2	2	1	1.9	3	2	4	4	3	3	4	3	3	4	3	4	2	4	4	4	5	4	3.5	5	4	3	4	5	4	4	4.142857143	5	4	5	4	3	3	3	3.857142857	1	1	2	1	2	1	3	2	1	1	2	1	1	2	1	1	1.4375	5	6	4	2	5	7	6	7	6	5	6	7	6	7	6	6.4	5	4	2	5	5	4.2	7	3	5	6	6	6	7	7	6	6	4	6	7	7	5	6	4	7	6	7	5	6	5.863636364	6	7	6	6.333333333	2	0	6	0	7.718025
1	18	0	1	1	2	1	1	2	2	2	2	2	1	1.6	4	4	4	5	4	5	3	4	5	5	4.3	2	2	3	3	4	3	3	4	2	4	4	4	2	3	4	4	5	4	3.333333333	4	4	4	5	4	4	5	4.285714286	5	5	5	4	4	4	4	4.428571429	1	2	2	1	2	2	1	1	2	1	1	3	1	1	1	2	1.5	3	7	2	3	4	7	6	7	7	5	7	7	6	7	7	6.8	3	2	3	4	5	3.4	5	4	6	6	6	4	5	6	5	6	5	5	6	2	7	4	5	7	5	5	5	4	5.136363636	3	7	7	5.666666667	2	0	5	0	20
1	18	0	1	2	3	3	2	4	1	1	3	3	2	2.4	3	2	2	3	4	5	1	1	3	4	2.8	4	3	4	3	4	2	4	4	2	4	3	3	1	3	3	2	4	5	3.222222222	4	5	4	5	1	5	5	4.142857143	5	4	4	4	4	3	4	4	2	3	3	2	2	2	2	3	1	1	2	2	1	3	1	1	1.9375	3	7	3	4	4	7	7	5	7	5	7	7	7	5	7	6.6	3	3	4	4	5	3.8	7	5	7	3	7	6	6	7	6	6	4	7	7	7	7	7	3	7	7	5	5	5	5.954545455	1	6	5	4	2	0	7	40	2.213765
1	17	0	1	1	3	1	2	4	1	3	2	2	3	2.2	2	1	3	3	4	4	1	1	4	4	2.7	3	4	5	4	4	3	3	3	4	4	5	4	3	1	3	5	5	4	3.722222222	4	2	3	4	5	3	2	3.285714286	4	4	4	4	2	2	4	3.428571429	1	1	1	1	2	1	1	4	1	1	1	1	1	2	1	1	1.3125	4	7	3	1	2	7	4	6	5	2	7	7	4	6	5	5.8	4	3	1	2	2	2.4	6	4	2	7	5	4	5	3	6	5	6	3	5	7	5	4	5	6	5	7	6	2	4.909090909	3	4	4	3.666666667	3	0	5	70	7.739274
1	18	0	1	3	1	3	1	2	1	2	4	2	1	2	4	1	1	2	1	4	1	2	2	2	2	2	4	4	4	5	4	4	4	3	4	4	4	3	4	3	4	3	4	3.722222222	5	3	5	4	4	5	5	4.428571429	4	4	5	1	5	1	4	3.428571429	2	1	2	3	3	2	1	1	1	2	1	2	1	2	1	1	1.625	2	7	1	1	3	7	3	2	3	1	7	7	3	2	3	4.4	2	1	1	3	1	1.6	7	6	1	7	7	7	7	6	7	6	7	6	7	7	6	7	7	1	7	7	7	4	6.090909091	3	7	6	5.333333333	7	0	6.5	75	17.371869
1	18	0	1	3	3	2	2	3	2	3	2	2	2	2.4	1	1	2	3	3	4	2	1	4	2	2.3	2	2	4	4	4	3	4	4	3	4	3	4	3	3	3	4	4	4	3.444444444	4	1	4	5	5	5	5	4.142857143	4	5	4	4	4	4	4	4.142857143	2	2	3	1	2	2	1	2	2	1	1	2	2	1	1	1	1.625	5	7	5	6	6	7	6	6	6	5	7	7	6	6	6	6.4	5	5	6	6	5	5.4	7	7	6	7	5	7	7	7	6	6	7	7	7	7	6	6	6	7	6	7	7	7	6.590909091	6	6	6	6	5	0	7	20	6.177943
1	18	1	1	5	4	3	5	4	2	4	4	4	3	3.8	2	2	1	1	4	4	2	1	2	3	2.2	4	4	4	5	4	2	5	3	4	4	4	4	3	4	4	4	4	4	3.888888889	4	1	4	4	4	4	3	3.428571429	4	4	4	3	4	3	4	3.714285714	2	1	2	2	3	2	2	2	2	2	1	1	1	2	1	2	1.75	6	6	1	1	3	7	6	6	5	5	6	7	6	6	5	6	6	1	1	3	5	3.2	7	4	2	6	2	6	2	4	1	1	4	4	5	3	4	3	1	5	4	3	3	4	3.545454545	5	6	5	5.333333333	4	0	6	0	17.687435
1	17	0	1	2	3	3	3	2	1	2	4	2	3	2.5	3	1	2	1	4	5	1	4	4	1	2.6	3	5	4	4	4	2	3	3	3	3	3	4	1	1	1	3	2	5	3	5	5	4	5	5	5	5	4.857142857	5	3	5	4	4	3	3	3.857142857	1	1	3	1	2	1	1	3	1	1	1	2	1	1	1	1	1.375	6	7	3	3	7	7	6	7	7	6	7	7	6	7	7	6.8	6	3	3	7	6	5	7	4	3	5	2	6	6	6	2	4	6	6	5	6	1	4	1	4	5	4	4	7	4.454545455	3	5	2	3.333333333	6	0	7	30	8.547347
1	18	0	1	3	3	3	3	3	3	3	3	3	3	3	3	3	3	3	3	3	3	3	3	4	3.1	3	4	2	3	4	2	3	4	3	4	3	2	2	3	2	4	3	4	3.055555556	3	5	4	5	4	4	4	4.142857143	4	4	3	3	3	2	3	3.142857143	2	2	2	1	2	2	1	2	1	2	1	2	2	2	1	2	1.6875	4	6	5	4	5	7	5	5	6	4	6	7	5	5	6	5.8	4	5	4	5	4	4.4	6	3	6	5	5	4	5	6	5	6	4	5	6	6	5	6	4	7	6	4	4	4	5.090909091	6	6	4	5.333333333	5	0	5	60	8.623815
1	18	0	1	2	2	2	5	4	1	4	4	3	1	2.8	4	3	2	2	4	4	2	1	4	5	3.1	2	2	3	4	4	3	2	2	4	5	4	2	3	2	3	2	4	4	3.055555556	4	5	4	3	5	5	4	4.285714286	5	4	4	1	4	2	3	3.285714286	3	2	2	3	2	2	1	2	1	3	1	3	1	3	4	2	2.1875	6	7	4	5	6	7	7	7	7	4	7	7	7	7	7	7	6	4	5	6	4	5	3	1	5	3	7	2	6	7	7	5	2	2	7	5	2	3	3	6	5	7	6	3	4.409090909	2	6	6	4.666666667	3	0	4	75	15.467458
1	18	0	0	2	3	3	3	3	3	4	3	4	2	3	4	3	3	4	2	4	2	3	2	5	3.2	4	3	4	4	4	3	3	4	4	4	4	4	3	3	3	4	5	4	3.722222222	5	5	4	5	5	5	5	4.857142857	4	4	5	4	4	4	4	4.142857143	2	1	1	1	2	2	1	1	1	1	1	1	1	2	1	1	1.25	6	7	3	3	6	7	7	7	7	7	7	7	7	7	7	7	6	3	3	6	7	5	3	5	5	3	5	4	6	7	4	4	4	6	7	6	1	5	4	6	7	4	5	4	4.772727273	5	6	5	5.333333333	7	0	7	5	NA
1	18	0	1	2	3	2	2	2	1	4	3	3	3	2.5	3	2	1	1	4	4	1	1	1	2	2	3	1	4	4	5	2	3	4	3	4	4	4	1	5	2	3	3	5	3.333333333	5	5	3	5	5	5	4	4.571428571	3	2	2	5	3	2	3	2.857142857	2	1	2	1	1	1	1	1	2	1	1	2	1	1	1	1	1.25	1	7	2	1	3	7	7	4	7	3	7	7	7	4	7	6.4	1	2	1	3	3	2	7	6	6	5	7	7	7	6	7	7	6	7	7	7	5	6	5	7	7	7	7	6	6.454545455	6	7	7	6.666666667	5	1	6	80	20
1	18	1	1	2	3	2	2	2	1	3	2	3	2	2.2	4	3	4	4	4	5	3	4	3	4	3.8	3	4	4	4	4	4	4	4	4	4	3	4	4	3	3	4	3	4	3.722222222	3	2	4	3	4	3	4	3.285714286	3	3	3	1	3	3	3	2.714285714	3	2	3	4	2	4	3	2	3	3	2	2	2	3	2	2	2.625	6	6	4	5	6	6	6	5	6	5	6	6	6	5	6	5.8	6	4	5	6	5	5.2	4	4	4	6	4	4	5	6	6	5	5	6	6	7	6	7	2	6	7	6	6	4	5.272727273	4	6	5	5	2	0	3	60	5.059607
1	18	0	1	3	2	2	4	3	2	2	4	4	4	3	3	2	2	2	3	4	3	2	2	1	2.4	3	2	4	3	3	2	4	4	3	4	3	4	2	3	3	3	3	5	3.222222222	5	5	5	5	5	5	5	5	5	5	5	4	5	4	5	4.714285714	1	2	1	4	2	1	1	1	1	1	1	3	1	4	1	1	1.625	3	7	4	5	4	7	6	6	7	4	7	7	6	6	7	6.6	3	4	5	4	4	4	6	4	2	7	7	6	7	7	7	5	6	6	7	2	7	7	7	7	7	7	7	6	6.090909091	6	7	7	6.666666667	2	0	5	95	3.030049
1	17	0	1	3	3	2	1	1	1	3	4	2	3	2.3	3	2	3	4	5	5	3	2	4	4	3.5	3	4	4	4	4	4	3	4	2	4	3	4	2	4	4	2	3	4	3.444444444	2	1	4	2	3	2	2	2.285714286	4	3	5	1	4	1	2	2.857142857	3	4	3	2	4	2	2	2	3	2	2	4	3	3	2	2	2.6875	2	4	1	3	3	7	3	5	6	2	4	7	3	5	6	5	2	1	3	3	2	2.2	1	3	3	7	6	5	5	7	7	6	2	6	7	7	6	7	2	6	4	7	7	3	5.181818182	4	5	5	4.666666667	1	0	5	30	10.049182
1	18	0	1	2	2	2	2	1	3	3	3	1	1	2	4	2	2	2	4	4	3	2	2	4	2.9	3	3	4	4	4	4	4	4	4	4	3	5	2	3	3	3	4	5	3.666666667	4	4	4	4	4	5	4	4.142857143	5	4	5	4	5	4	4	4.428571429	1	1	3	1	2	2	2	1	1	1	1	2	1	2	1	1	1.4375	5	7	4	4	5	7	6	6	7	3	7	7	6	6	7	6.6	5	4	4	5	3	4.2	5	3	6	4	6	5	6	7	7	7	5	6	7	7	7	7	7	7	6	3	5	4	5.772727273	5	7	7	6.333333333	1	0	5.5	50	9.969287
1	18	0	0	2	2	2	1	2	1	1	1	2	2	1.6	3	1	1	1	1	1	2	1	2	3	1.6	2	2	2	3	3	2	3	2	2	4	3	2	2	2	3	1	3	5	2.555555556	5	4	4	4	5	4	3	4.142857143	4	4	4	3	4	2	5	3.714285714	3	3	2	3	3	3	2	3	3	2	2	2	2	2	2	2	2.4375	5	6	4	5	6	5	6	5	7	5	6	5	6	5	7	5.8	5	4	5	6	5	5	6	5	4	3	3	6	4	5	6	5	5	2	6	4	5	3	5	6	3	4	4	6	4.545454545	6	4	4	4.666666667	5	0	7	10	NA
1	18	0	1	2	4	4	2	2	3	3	4	1	2	2.7	5	1	1	2	4	5	4	2	4	4	3.2	2	2	5	5	3	4	4	3	4	5	5	4	3	4	2	3	3	5	3.666666667	5	4	3	4	4	2	3	3.571428571	1	4	5	2	4	4	3	3.285714286	1	1	3	1	1	1	1	2	1	1	2	1	1	1	1	1	1.25	2	7	4	4	5	7	7	6	7	4	7	7	7	6	7	6.8	2	4	4	5	4	3.8	5	6	7	3	5	7	1	7	7	6	5	7	7	7	6	6	5	7	6	1	5	6	5.545454545	3	7	5	5	2	0	6	70	3.615471
1	18	0	1	4	4	2	1	1	2	3	1	3	1	2.2	4	3	3	4	3	4	1	1	3	5	3.1	4	1	4	3	3	2	2	2	2	4	3	4	2	2	2	3	4	2	2.722222222	4	4	3	4	4	4	4	3.857142857	4	3	4	2	2	3	3	3	1	1	3	1	1	1	2	3	2	1	2	1	1	1	2	1	1.5	1	7	5	5	5	6	4	3	4	1	7	6	4	3	4	4.8	1	5	5	5	1	3.4	7	3	4	4	6	7	7	7	7	6	7	7	7	7	7	7	5	7	6	4	6	6	6.090909091	4	5	5	4.666666667	4	0	6	50	6.888219
1	18	0	1	1	1	3	1	2	1	2	2	2	1	1.6	4	2	3	5	5	4	4	3	4	5	3.9	3	2	4	3	2	4	2	5	3	4	4	4	3	2	3	2	5	4	3.277777778	4	4	5	5	2	4	3	3.857142857	5	5	4	3	4	3	4	4	1	1	2	1	1	1	1	2	1	1	1	1	1	1	1	2	1.1875	3	7	1	1	5	7	6	6	6	4	7	7	6	6	6	6.4	3	1	1	5	4	2.8	3	1	2	1	5	1	6	7	7	7	4	7	6	7	6	7	5	6	7	6	5	5	5.045454545	4	1	1	2	6	0	7	50	9.755255
1	18	0	1	2	3	2	3	2	2	4	2	2	2	2.4	4	3	4	3	4	4	2	4	4	4	3.6	1	1	4	4	4	1	3	4	4	4	4	4	3	3	3	4	3	2	3.111111111	2	4	3	4	4	4	3	3.428571429	4	4	4	4	4	2	4	3.714285714	2	2	2	1	1	1	1	3	1	1	1	2	1	1	1	2	1.4375	4	6	2	1	2	7	5	5	5	5	6	7	5	5	5	5.6	4	2	1	2	5	2.8	7	7	6	5	6	6	7	7	7	7	7	7	7	7	5	7	4	7	7	7	6	7	6.5	7	7	7	7	3	0	6	0	12.021641
1	18	0	1	1	3	2	2	3	2	3	4	3	3	2.6	5	1	2	4	3	4	3	1	1	3	2.7	3	3	3	4	4	2	2	4	3	4	4	2	1	4	3	2	1	5	3	5	4	3	2	5	5	3	3.857142857	5	5	3	4	4	4	3	4	3	2	2	1	3	2	1	1	3	2	1	3	2	3	2	2	2.0625	4	6	3	2	2	7	5	4	7	4	6	7	5	4	7	5.8	4	3	2	2	4	3	6	1	7	4	6	5	7	7	6	6	5	4	7	4	5	1	3	7	1	7	6	6	5.045454545	6	7	7	6.666666667	6	1	7	60	11.033169
1	18	0	1	3	2	2	2	2	2	3	2	2	2	2.2	3	2	2	2	2	2	3	2	2	2	2.2	2	4	2	2	3	3	4	4	3	3	3	4	2	3	2	4	3	4	3.055555556	4	4	4	4	4	4	5	4.142857143	4	4	4	3	3	3	4	3.571428571	3	2	1	2	3	2	1	2	3	2	1	2	1	2	2	1	1.875	6	6	3	3	3	7	6	6	7	5	6	7	6	6	7	6.4	6	3	3	3	5	4	5	4	4	3	6	2	6	6	5	5	6	3	6	7	7	6	7	7	6	6	7	5	5.409090909	3	6	6	5	2	0	5	50	2.557968
1	18	0	1	2	3	2	2	4	2	3	3	3	1	2.5	4	2	1	4	3	4	2	2	3	5	3	2	2	4	5	5	3	3	4	3	4	2	3	2	2	4	3	2	3	3.111111111	4	5	4	4	5	5	5	4.571428571	5	5	4	4	4	3	4	4.142857143	2	1	2	1	1	1	2	1	1	1	4	2	1	1	1	1	1.4375	6	7	5	5	6	7	6	6	6	5	7	7	6	6	6	6.4	6	5	5	6	5	5.4	6	5	1	4	1	7	2	7	6	4	5	7	7	7	6	6	6	7	7	7	7	6	5.5	5	6	6	5.666666667	5	1	7	80	17.58911
1	18	1	1	1	2	2	1	1	1	2	2	1	1	1.4	5	4	4	5	5	5	4	4	5	5	4.6	5	5	5	4	5	5	3	1	4	5	5	5	4	5	4	3	3	5	4.222222222	2	3	4	3	3	1	1	2.428571429	4	5	4	4	5	3	3	4	3	1	4	3	3	3	3	2	3	2	2	1	1	4	2	1	2.375	5	5	5	4	5	6	4	4	5	5	5	6	4	4	5	4.8	5	5	4	5	5	4.8	3	1	1	7	1	5	5	7	6	1	3	7	5	7	6	7	6	6	7	7	7	5	5	1	1	5	2.333333333	2	0	3	100	5.841785
1	18	0	0	3	3	3	3	2	3	3	3	2	3	2.8	3	2	2	3	2	4	2	2	1	4	2.5	2	3	2	4	4	2	5	4	2	4	3	3	2	3	1	4	4	4	3.111111111	4	4	4	4	5	4	4	4.142857143	4	4	4	2	4	4	4	3.714285714	2	2	2	1	2	2	2	2	2	1	1	2	1	2	2	1	1.6875	5	7	2	3	5	7	5	6	6	4	7	7	5	6	6	6.2	5	2	3	5	4	3.8	6	6	6	6	5	6	6	7	5	7	6	6	7	7	4	6	4	7	6	6	7	3	5.863636364	5	6	6	5.666666667	3	0	7	0	NA
1	19	0	1	1	3	4	4	1	2	5	2	1	1	2.4	5	2	1	1	4	4	1	2	2	5	2.7	4	1	4	4	5	4	1	3	2	4	5	5	2	5	1	5	3	5	3.5	1	1	4	1	4	5	3	2.714285714	3	5	4	3	4	1	2	3.142857143	3	3	1	1	4	1	1	2	2	2	3	2	1	1	1	1	1.8125	7	3	7	7	7	7	5	4	7	7	3	7	5	4	7	5.2	7	7	7	7	7	7	7	7	6	6	7	7	7	7	7	7	7	7	7	7	7	7	7	7	7	7	7	7	6.909090909	6	7	7	6.666666667	2	0	7	40	11.178212
1	19	1	1	1	2	2	3	1	1	1	2	2	1	1.6	5	4	4	5	5	5	4	4	4	5	4.5	4	4	4	4	2	4	4	4	4	4	4	4	4	4	2	4	4	4	3.777777778	3	5	4	4	4	2	2	3.428571429	4	4	4	4	4	2	2	3.428571429	2	3	4	3	3	2	2	3	3	4	3	3	2	3	2	2	2.75	5	4	3	2	1	7	3	4	4	3	4	7	3	4	4	4.4	5	3	2	1	3	2.8	2	3	1	3	1	2	2	5	5	2	6	3	5	5	3	2	2	3	3	5	2	3	3.090909091	1	2	2	1.666666667	1	0	2	80	4.766936
1	20	1	1	1	1	1	1	1	1	1	1	1	1	1	1	1	1	1	1	1	1	1	1	1	1	4	4	2	2	2	4	2	3	3	3	3	3	3	3	3	3	3	3	2.944444444	3	3	3	3	3	3	3	3	3	3	3	3	3	3	3	3	3	3	2	3	3	3	2	2	3	3	2	3	3	3	3	2	2.6875	4	4	4	4	4	4	4	4	4	4	4	4	4	4	4	4	4	4	4	4	4	4	4	4	3	5	3	5	3	5	3	3	5	5	3	5	3	5	3	3	5	5	3	3	3.909090909	5	3	3	3.666666667	5	0	6	55	10.962231
1	18	0	0	3	3	3	2	2	2	2	3	2	3	2.5	2	1	1	2	4	4	2	1	3	4	2.4	2	3	4	4	5	1	5	4	2	3	4	4	2	3	2	3	4	5	3.333333333	3	5	4	4	4	3	2	3.571428571	5	5	5	4	4	4	3	4.285714286	3	4	4	1	3	2	2	3	2	3	3	4	1	3	1	2	2.5625	2	6	2	2	1	7	3	5	6	1	6	7	3	5	6	5.4	2	2	2	1	1	1.6	6	6	1	4	6	5	4	7	5	7	3	3	7	5	2	7	5	7	7	6	6	5	5.181818182	5	7	7	6.333333333	2	0	6	90	NA
1	19	1	1	1	4	2	3	2	1	4	4	2	1	2.4	5	1	2	3	4	4	2	1	4	4	3	2	3	4	4	3	2	3	2	3	4	3	5	2	3	3	4	2	4	3.111111111	2	4	4	3	4	2	1	2.857142857	5	5	3	4	4	2	4	3.857142857	1	2	4	2	2	3	2	2	1	2	2	1	1	3	1	2	1.9375	3	6	2	2	3	7	3	4	6	2	6	7	3	4	6	5.2	3	2	2	3	2	2.4	4	3	1	6	1	3	3	6	5	4	6	6	6	5	5	3	2	4	4	2	2	2	3.772727273	2	4	4	3.333333333	1	0	2	70	2.934816
1	18	0	1	1	2	2	3	2	1	3	4	3	1	2.2	5	2	4	1	5	5	3	2	3	4	3.4	2	4	5	5	4	3	4	4	4	4	3	5	4	3	3	4	1	5	3.722222222	4	4	5	3	5	4	5	4.285714286	5	5	5	1	5	4	3	4	3	3	1	2	3	1	1	1	1	2	1	3	2	3	1	1	1.8125	6	7	4	4	5	7	6	7	7	5	7	7	6	7	7	6.8	6	4	4	5	5	4.8	7	3	5	7	7	7	7	7	7	7	3	7	7	7	5	7	6	7	5	7	7	7	6.318181818	6	7	6	6.333333333	3	0	7	25	16.117064
1	18	1	0	1	4	1	4	4	2	1	5	4	1	2.7	5	2	4	4	2	4	5	1	2	5	3.4	4	4	4	5	3	2	2	4	3	4	4	5	4	3	4	3	4	1	3.5	2	2	2	1	5	2	2	2.285714286	4	4	3	2	3	2	2	2.857142857	3	1	2	2	4	2	4	4	3	1	3	1	2	3	2	3	2.5	2	2	2	2	1	6	3	3	4	1	2	6	3	3	4	3.6	2	2	2	1	1	1.6	3	2	3	5	3	7	3	7	3	1	4	1	5	6	3	4	2	3	4	6	4	2	3.681818182	3	3	3	3	1	0	1	100	NA
1	18	0	1	1	2	3	3	1	1	1	2	2	1	1.7	5	4	3	4	5	5	4	4	4	5	4.3	4	4	5	5	5	5	5	3	5	4	5	5	4	3	4	5	5	5	4.5	5	5	4	5	5	5	5	4.857142857	5	5	4	5	5	4	5	4.714285714	1	1	2	1	2	1	4	3	1	1	1	1	1	2	1	1	1.5	6	7	5	6	6	7	6	6	6	6	7	7	6	6	6	6.4	6	5	6	6	6	5.8	7	4	5	7	6	7	6	7	6	5	5	7	6	7	6	6	5	6	7	7	6	7	6.136363636	5	6	6	5.666666667	5	0	6	0	14.437595
1	18	1	1	1	1	1	1	1	1	1	1	1	1	1	3	1	1	4	1	4	1	1	3	5	2.4	2	1	3	3	3	2	2	3	3	4	4	4	3	1	4	3	2	5	2.888888889	4	5	4	4	5	4	4	4.285714286	5	5	4	4	5	2	5	4.285714286	2	1	2	1	2	1	2	1	2	1	1	1	1	2	1	1	1.375	1	6	1	1	1	7	4	6	6	4	6	7	4	6	6	5.8	1	1	1	1	4	1.6	5	4	2	6	4	7	4	7	4	5	4	4	6	6	1	7	4	6	7	4	4	5	4.818181818	4	5	5	4.666666667	5	0	7	75	18.404679
1	19	1	1	3	3	4	1	3	1	4	3	3	1	2.6	4	3	3	5	2	5	2	2	2	5	3.3	4	3	4	4	4	4	4	4	4	4	4	4	4	3	4	4	4	4	3.888888889	4	5	4	4	5	5	5	4.571428571	4	4	3	3	4	4	4	3.714285714	2	1	3	1	1	1	1	1	2	1	1	1	1	3	1	2	1.4375	3	6	3	2	2	7	6	6	6	5	6	7	6	6	6	6.2	3	3	2	2	5	3	6	4	1	6	6	7	6	7	7	7	6	7	7	7	4	7	7	7	6	7	7	7	6.181818182	4	7	7	6	2	0	6	20	5.461676
1	18	0	1	2	2	2	2	2	2	3	2	2	2	2.1	4	2	2	1	3	3	3	2	3	4	2.7	3	2	4	4	4	3	3	3	3	4	3	4	3	3	3	4	3	4	3.333333333	3	5	3	4	4	4	3	3.714285714	4	4	4	3	4	2	3	3.428571429	1	2	2	1	2	1	1	3	1	1	1	2	1	1	1	2	1.4375	3	7	3	3	2	7	6	6	6	4	7	7	6	6	6	6.4	3	3	3	2	4	3	6	5	4	6	5	4	5	7	5	5	6	7	7	7	4	7	3	7	5	7	6	3	5.5	5	6	5	5.333333333	4	0	6	45	16.375893
1	19	0	1	4	3	3	3	2	3	3	3	3	4	3.1	2	2	3	4	4	4	2	2	3	2	2.8	2	3	3	3	4	2	4	3	3	4	3	2	2	3	3	3	4	3	3	4	4	3	4	4	4	4	3.857142857	3	3	3	4	4	4	3	3.428571429	2	1	3	2	3	2	2	2	2	2	1	2	1	1	2	1	1.8125	6	6	5	4	6	7	5	5	6	4	6	7	5	5	6	5.8	6	5	4	6	4	5	6	3	4	4	5	3	3	6	5	2	4	5	7	6	5	6	3	6	5	2	6	3	4.5	4	6	6	5.333333333	3	0	5	90	9.916848
1	18	0	0	3	3	3	3	3	3	3	3	3	3	3	3	3	3	3	3	3	3	3	3	3	3	3	2	1	2	4	1	3	5	3	3	1	1	1	2	3	2	4	3	2.444444444	1	2	3	3	2	3	3	2.428571429	1	3	4	2	4	2	3	2.714285714	2	4	2	1	3	2	2	3	2	2	1	3	2	2	1	2	2.125	1	7	1	1	1	7	5	5	4	1	7	7	5	5	4	5.6	1	1	1	1	1	1	7	1	7	5	4	3	7	7	7	7	4	5	7	7	5	7	7	7	7	4	3	4	5.545454545	6	7	7	6.666666667	4	0	7	50	NA
1	20	0	1	1	1	1	1	1	1	1	1	1	1	1	1	1	1	1	1	1	1	1	1	1	1	3	2	4	4	4	3	2	3	2	4	3	3	4	4	3	2	3	4	3.166666667	4	4	5	5	5	5	4	4.571428571	4	5	4	5	4	3	5	4.285714286	2	2	3	1	1	2	1	1	2	1	1	2	1	2	1	2	1.5625	4	3	3	3	2	7	5	6	6	2	3	7	5	6	6	5.4	4	3	3	2	2	2.8	6	4	5	5	6	6	5	6	6	6	4	4	6	6	4	2	4	6	5	6	5	5	5.090909091	5	4	4	4.333333333	5.5	0	7	50	18.886857
1	19	1	0	2	3	3	2	2	1	2	3	2	1	2.1	5	2	2	5	4	5	2	2	3	4	3.4	4	3	5	4	4	4	3	5	3	4	5	5	3	5	3	4	3	4	3.944444444	4	3	4	5	4	3	5	4	4	4	5	4	4	4	4	4.142857143	2	1	2	2	4	2	1	3	1	2	1	1	2	4	1	1	1.875	2	6	4	3	5	7	6	6	6	3	6	7	6	6	6	6.2	2	4	3	5	3	3.4	5	3	2	6	4	3	6	6	6	6	4	5	6	1	4	7	5	6	4	7	5	5	4.818181818	5	6	6	5.666666667	4	0	2	80	NA
1	18	0	1	1	2	3	3	1	1	3	2	1	1	1.8	5	2	3	3	4	5	2	3	4	4	3.5	1	1	1	1	3	1	1	1	2	2	2	1	1	2	1	1	2	4	1.555555556	5	5	5	5	5	5	5	5	5	4	5	4	4	2	4	4	1	1	3	1	2	1	1	1	2	1	1	1	1	2	1	1	1.3125	4	7	2	4	6	7	7	6	7	5	7	7	7	6	7	6.8	4	2	4	6	5	4.2	4	3	5	1	3	7	3	7	7	5	1	5	6	7	6	7	3	6	7	1	5	6	4.772727273	7	7	7	7	1	0	7	0	4.252443
1	18	0	1	1	2	2	2	2	2	3	2	3	2	2.1	5	3	4	4	4	3	4	4	3	4	3.8	4	2	4	4	4	3	3	2	3	4	3	3	3	3	3	4	2	4	3.222222222	4	4	4	4	4	2	4	3.714285714	4	3	4	2	4	3	4	3.428571429	2	2	2	1	3	1	2	2	2	2	1	2	2	2	2	2	1.875	4	7	4	4	5	7	6	6	6	5	7	7	6	6	6	6.4	4	4	4	5	5	4.4	2	2	6	6	7	6	5	7	6	4	5	4	7	7	6	7	5	7	7	7	6	5	5.636363636	5	6	6	5.666666667	2	0	6	20	2.421432
1	19	1	1	1	2	3	1	1	1	3	3	2	1	1.8	4	1	2	3	3	5	2	3	2	4	2.9	4	3	5	5	4	4	4	5	5	5	4	5	3	3	4	4	3	3	4.055555556	1	4	4	5	5	4	5	4	5	4	5	4	5	2	3	4	2	1	1	4	1	3	2	2	1	2	2	1	1	3	1	1	1.75	1	6	4	6	2	7	4	4	7	3	6	7	4	4	7	5.6	1	4	6	2	3	3.2	7	6	1	6	3	6	5	4	7	5	5	5	6	7	3	7	6	6	4	4	5	6	5.181818182	3	5	3	3.666666667	2	1	3	80	13.413565
1	18	0	0	3	4	3	2	3	3	4	3	2	3	3	4	3	4	3	4	4	2	2	4	5	3.5	2	3	4	3	4	4	3	3	3	4	3	4	2	2	2	4	3	4	3.166666667	4	4	3	4	4	3	3	3.571428571	3	3	4	4	3	2	3	3.142857143	2	1	3	2	2	2	2	3	3	2	1	2	2	3	1	2	2.0625	6	6	4	5	3	6	6	5	6	6	6	6	6	5	6	5.8	6	4	5	3	6	4.8	6	4	4	5	6	3	2	6	6	6	5	6	6	2	5	3	6	6	5	2	6	6	4.818181818	4	6	5	5	7	1	7	65	NA
1	18	0	1	2	3	3	3	3	2	4	3	3	3	2.9	4	2	2	2	4	4	3	2	1	2	2.6	3	4	3	4	3	3	3	4	2	4	2	3	1	3	2	4	2	5	3.055555556	3	5	4	3	5	5	5	4.285714286	5	4	4	2	4	2	3	3.428571429	1	3	3	2	2	1	2	2	1	2	1	2	1	2	1	2	1.75	3	2	2	6	2	7	6	7	7	4	2	7	6	7	7	5.8	3	2	6	2	4	3.4	5	3	5	7	6	4	7	7	6	6	4	6	7	4	6	6	6	7	5	7	6	4	5.636363636	6	7	6	6.333333333	5	0	6	55	14.327787
1	19	0	0	3	3	3	3	1	1	4	3	3	1	2.5	3	1	1	3	3	5	2	1	3	3	2.5	3	3	5	5	4	4	4	3	3	4	4	4	3	4	3	3	5	5	3.833333333	5	4	4	4	4	5	4	4.285714286	4	5	4	3	5	4	4	4.142857143	2	1	1	1	1	1	1	1	1	1	1	1	1	2	1	1	1.125	5	7	2	2	6	7	2	2	2	5	7	7	2	2	2	4	5	2	2	6	5	4	6	3	2	4	7	4	6	7	7	6	3	6	7	7	6	6	6	7	6	6	7	6	5.681818182	5	7	7	6.333333333	5	0	7	50	NA
1	19	0	1	3	3	3	2	2	1	3	3	1	1	2.2	4	2	4	4	5	5	4	2	5	5	4	3	2	3	3	4	4	4	2	4	4	4	3	2	4	2	1	3	4	3.111111111	5	4	4	4	5	4	5	4.428571429	4	5	4	3	4	2	2	3.428571429	3	1	4	3	3	4	3	3	1	2	1	2	1	4	3	1	2.4375	1	7	2	4	6	7	5	6	7	2	7	7	5	6	7	6.4	1	2	4	6	2	3	7	2	1	6	4	5	7	4	7	1	5	4	6	7	7	6	5	6	6	4	5	7	5.090909091	5	7	5	5.666666667	2	0	4	75	5.708452
1	18	0	0	1	3	2	3	2	2	3	2	2	2	2.2	4	1	3	4	4	5	2	2	4	5	3.4	3	1	2	4	3	4	1	4	3	4	1	2	2	1	2	2	3	4	2.555555556	4	5	3	4	5	3	2	3.714285714	4	4	3	4	3	2	2	3.142857143	3	2	2	1	2	1	2	2	2	2	1	2	2	1	2	1	1.75	5	6	5	2	4	7	6	4	5	5	6	7	6	4	5	5.6	5	5	2	4	5	4.2	4	6	2	3	3	7	3	6	7	1	6	6	5	7	3	6	2	5	7	6	4	3	4.636363636	6	6	4	5.333333333	2	0	4	60	NA
1	19	0	0	2	3	2	3	3	3	3	3	3	2	2.7	1	1	2	2	2	3	1	1	1	3	1.7	3	4	3	3	3	2	2	3	2	4	3	3	2	3	3	2	4	4	2.944444444	4	4	4	4	4	5	5	4.285714286	3	4	4	3	4	3	4	3.571428571	2	3	2	1	3	2	1	2	1	2	1	3	2	1	1	2	1.8125	3	6	5	4	3	7	6	6	7	3	6	7	6	6	7	6.4	3	5	4	3	3	3.6	6	3	3	3	7	5	7	5	6	7	3	2	7	2	6	4	4	7	3	5	5	6	4.818181818	2	6	6	4.666666667	4	0	6	80	NA
1	18	0	1	3	3	3	3	3	3	3	3	3	3	3	3	3	3	3	3	3	3	3	3	3	3	2	3	3	3	4	3	3	4	4	3	3	3	3	3	3	3	3	3	3.111111111	3	4	3	3	4	3	4	3.428571429	4	4	4	4	5	3	4	4	2	2	2	2	3	2	1	2	1	1	2	1	2	3	2	2	1.875	5	7	1	1	4	7	6	5	6	4	7	7	6	5	6	6.2	5	1	1	4	4	3	7	6	2	3	5	6	2	4	4	5	5	4	6	6	5	6	4	5	4	5	6	5	4.772727273	4	5	5	4.666666667	7	0	7	70	17.35044
1	18	0	0	2	3	4	4	3	4	2	1	3	4	3	5	5	4	2	3	2	4	5	2	2	3.4	5	4	3	2	3	2	1	2	3	2	4	1	4	5	3	4	5	1	3	2	1	4	2	1	2	1	1.857142857	1	2	1	4	2	2	1	1.857142857	3	2	2	4	2	3	2	3	4	4	4	2	3	3	4	3	3	4	1	4	7	3	1	1	1	1	3	1	1	1	1	1	1	4	4	7	3	3	4.2	2	7	5	3	2	1	2	2	1	1	4	6	1	3	3	6	2	1	4	3	1	1	2.772727273	3	3	4	3.333333333	5	0	7	40	NA
1	18	0	0	2	2	2	2	3	1	3	3	3	3	2.4	4	2	4	3	4	5	3	2	3	3	3.3	2	3	5	4	5	2	3	4	3	4	4	4	3	4	2	3	4	2	3.388888889	5	3	4	4	4	4	5	4.142857143	4	4	5	4	5	5	5	4.571428571	2	1	2	1	3	2	1	1	1	1	1	1	1	2	1	1	1.375	7	7	5	6	6	7	7	7	7	5	7	7	7	7	7	7	7	5	6	6	5	5.8	6	5	7	2	7	6	6	7	6	7	6	4	7	2	4	7	4	7	6	4	4	7	5.5	6	6	7	6.333333333	4	0	7	50	NA
1	18	1	0	3	4	4	3	4	3	3	4	4	3	3.5	4	2	2	2	2	5	2	2	2	3	2.6	2	4	4	4	3	3	3	2	2	4	4	4	3	3	2	4	5	3	3.277777778	4	3	4	3	4	4	3	3.571428571	5	4	4	3	4	3	3	3.714285714	2	2	3	1	3	2	2	3	1	1	2	2	1	3	1	2	1.9375	6	6	3	2	5	7	6	6	7	4	6	7	6	6	7	6.4	6	3	2	5	4	4	5	3	4	3	6	6	7	6	6	7	6	5	6	7	3	6	5	7	6	5	5	6	5.454545455	5	1	6	4	4.5	0	7	60	NA
1	18	0	1	3	2	3	2	2	2	4	4	2	2	2.6	4	1	3	4	2	4	2	1	2	4	2.7	3	3	4	3	3	2	4	4	4	4	4	4	3	3	2	2	2	4	3.222222222	4	5	5	5	4	4	5	4.571428571	4	5	5	3	4	2	4	3.857142857	1	2	2	1	2	1	4	2	1	1	1	2	1	2	1	2	1.625	2	7	5	4	6	7	6	7	7	6	7	7	6	7	7	6.8	2	5	4	6	6	4.6	5	1	2	7	6	4	6	7	7	5	7	6	5	6	7	5	6	7	5	4	5	3	5.272727273	6	6	4	5.333333333	6	0	7	20	10.347799
1	18	0	1	3	2	2	3	3	3	4	3	3	2	2.8	2	2	3	3	3	4	2	2	2	4	2.7	4	2	4	4	4	3	2	4	3	4	4	4	2	3	2	4	4	4	3.388888889	5	4	4	4	4	4	4	4.142857143	4	4	3	3	4	3	4	3.571428571	2	3	2	1	3	2	1	3	2	2	1	3	2	3	1	1	2	5	7	5	3	6	7	6	5	6	5	7	7	6	5	6	6.2	5	5	3	6	5	4.8	4	2	3	6	7	3	6	7	7	7	3	6	7	7	6	6	6	7	3	7	6	5	5.5	6	6	6	6	6	0	6	60	16.117761
1	20	0	1	2	3	3	1	2	1	4	3	1	1	2.1	3	2	3	4	3	5	2	3	4	4	3.3	3	2	4	3	3	1	2	2	1	5	3	3	1	1	1	2	2	5	2.444444444	5	4	5	3	5	4	5	4.428571429	5	5	5	3	3	3	2	3.714285714	2	3	2	3	2	2	1	3	1	1	1	3	1	2	1	1	1.8125	1	1	4	4	2	7	6	6	6	3	1	7	6	6	6	5.2	1	4	4	2	3	2.8	7	5	7	7	7	5	7	7	7	7	3	3	7	7	4	5	1	7	3	4	7	4	5.5	1	7	7	5	5	0	7	80	10.420215
1	18	0	1	2	2	2	4	3	1	3	4	3	2	2.6	4	2	1	1	3	5	2	1	4	3	2.6	3	4	2	3	3	4	4	3	3	4	4	3	1	2	3	2	5	3	3.111111111	4	5	4	4	5	5	5	4.571428571	5	4	4	4	4	3	4	4	2	1	3	2	3	2	4	1	3	1	1	1	1	1	2	2	1.875	6	7	2	5	4	7	6	6	7	5	7	7	6	6	7	6.6	6	2	5	4	5	4.4	7	6	2	6	7	7	1	7	7	7	5	7	7	7	7	7	7	7	7	6	7	7	6.272727273	6	7	7	6.666666667	2	0	7	40	17.955644
1	18	0	1	2	2	3	4	3	2	2	3	2	2	2.5	4	2	2	2	4	4	3	4	3	4	3.2	2	3	4	3	5	2	5	4	2	4	4	3	2	3	4	4	5	4	3.5	4	5	5	4	5	5	4	4.571428571	4	4	3	3	4	2	4	3.428571429	2	2	2	1	3	1	1	2	2	1	1	2	1	3	2	1	1.6875	1	6	3	2	2	7	6	6	7	2	6	7	6	6	7	6.4	1	3	2	2	2	2	5	4	5	3	2	6	5	6	6	6	7	7	7	7	6	6	6	6	5	7	7	3	5.545454545	7	7	7	7	2	0	5	80	3.805253
1	18	0	1	1	1	1	2	2	1	1	1	1	1	1.2	2	1	1	2	1	3	1	1	2	4	1.8	4	3	4	2	4	1	3	5	4	3	3	2	2	4	2	5	4	4	3.277777778	4	3	4	4	4	5	5	4.142857143	5	4	3	3	3	2	3	3.285714286	2	1	2	1	3	1	1	2	1	1	2	2	1	1	1	1	1.4375	3	1	5	4	5	7	6	6	6	4	1	7	6	6	6	5.2	3	5	4	5	4	4.2	4	3	7	5	7	3	7	7	6	7	6	7	7	7	7	7	7	7	6	7	6	7	6.227272727	7	7	7	7	7	0	7	0	18.899907
1	18	0	1	2	2	2	2	2	2	2	3	3	2	2.2	4	4	2	4	5	4	3	3	2	4	3.5	4	4	4	4	3	2	4	3	3	4	4	4	3	4	3	4	4	4	3.611111111	4	5	3	5	5	4	4	4.285714286	5	4	4	5	4	4	4	4.285714286	2	1	1	2	2	1	1	2	1	1	1	1	1	1	1	1	1.25	6	7	4	4	6	7	7	7	7	6	7	7	7	7	7	7	6	4	4	6	6	5.2	6	6	4	5	4	6	5	7	7	5	6	4	5	6	6	6	4	5	5	3	4	3	5.090909091	4	4	4	4	4	0	5	100	6.075004
1	18	1	1	3	3	3	3	3	1	4	3	3	1	2.7	1	3	2	3	3	5	1	2	2	5	2.7	1	1	2	3	4	1	3	3	2	4	3	4	1	1	2	2	3	4	2.444444444	5	5	5	3	5	4	3	4.285714286	5	3	3	2	3	1	3	2.857142857	2	1	3	1	2	1	1	2	1	1	2	2	1	1	1	1	1.4375	2	6	1	1	4	7	7	6	7	2	6	7	7	6	7	6.6	2	1	1	4	2	2	6	4	2	7	5	5	5	4	2	6	6	5	7	2	3	6	4	6	6	5	6	3	4.772727273	2	6	4	4	5	0	6	10	7.79453
1	19	0	1	1	2	2	2	2	2	4	2	2	2	2.1	3	2	2	1	2	2	2	1	2	2	1.9	2	3	3	4	4	4	5	2	2	4	3	3	3	2	2	2	5	1	3	5	1	3	5	5	5	4	4	4	4	4	4	3	4	4	3.857142857	1	2	2	1	3	1	1	2	1	1	1	1	1	1	1	1	1.3125	5	7	3	5	3	7	7	7	6	3	7	7	7	7	6	6.8	5	3	5	3	3	3.8	6	4	7	2	5	6	6	4	3	5	4	3	5	5	4	1	3	7	4	1	4	5	4.272727273	6	7	7	6.666666667	2	0	7	0	7.695586
1	19	1	1	2	3	3	3	2	1	5	3	3	1	2.6	4	3	3	2	4	5	1	3	3	5	3.3	3	4	3	5	5	3	5	5	5	5	4	5	3	3	3	5	5	4	4.166666667	4	5	4	4	5	4	3	4.142857143	5	4	5	4	4	2	4	4	2	2	2	3	1	2	3	2	2	1	1	1	1	2	1	1	1.6875	1	7	1	5	5	7	4	5	7	1	7	7	4	5	7	6	1	1	5	5	1	2.6	5	4	1	7	7	4	5	7	5	7	7	7	4	7	5	7	4	7	7	7	7	4	5.681818182	1	7	5	4.333333333	7	0	6	70	17.490769
1	19	1	1	4	4	4	1	4	3	5	4	4	2	3.5	2	2	2	5	2	3	1	2	2	4	2.5	2	2	2	3	2	2	2	2	2	3	2	2	2	2	2	2	2	4	2.222222222	4	4	5	5	5	5	5	4.714285714	4	4	5	4	3	5	5	4.285714286	3	3	2	1	2	2	1	3	1	2	1	2	2	1	1	2	1.8125	3	6	3	4	3	7	6	6	6	3	6	7	6	6	6	6.2	3	3	4	3	3	3.2	3	3	7	6	7	5	5	7	5	7	6	3	7	5	5	7	3	7	6	7	6	5	5.545454545	5	6	6	5.666666667	1	0	3	40	7.060378
1	18	0	1	4	4	4	3	4	1	4	4	4	2	3.4	2	1	1	3	3	4	2	1	3	4	2.4	2	2	4	3	3	2	2	2	2	3	3	4	3	3	4	2	3	4	2.833333333	4	4	3	4	4	4	3	3.714285714	4	3	4	4	3	3	3	3.428571429	2	3	3	1	2	2	2	2	2	1	3	3	2	3	1	3	2.1875	4	6	5	4	4	7	6	5	6	4	6	7	6	5	6	6	4	5	4	4	4	4.2	6	3	4	5	5	5	7	7	3	6	6	4	7	7	5	7	3	7	7	6	6	4	5.454545455	4	7	5	5.333333333	1	0	5	60	12.511621
1	18	1	1	2	4	4	5	4	2	2	3	2	1	2.9	2	1	3	1	2	4	4	3	2	5	2.7	3	3	4	5	2	3	5	3	2	4	3	5	2	4	1	4	3	5	3.388888889	4	1	5	2	5	5	3	3.571428571	4	5	5	3	4	1	4	3.714285714	2	2	3	3	4	3	3	2	1	1	4	1	1	4	1	2	2.3125	5	7	1	1	5	7	4	6	7	4	7	7	4	6	7	6.2	5	1	1	5	4	3.2	5	5	1	7	7	3	6	6	4	6	6	7	7	7	5	7	5	7	7	7	6	6	5.772727273	3	3	4	3.333333333	5	0	6	80	16.371952
1	18	1	1	1	1	1	4	2	2	4	1	2	1	1.9	2	1	2	2	3	3	1	2	2	4	2.2	3	4	4	3	4	4	4	3	3	4	4	4	3	2	2	3	4	4	3.444444444	4	4	3	3	4	3	4	3.571428571	3	4	5	3	4	2	4	3.571428571	2	2	2	2	1	1	2	2	2	2	1	2	2	3	1	3	1.875	6	7	4	3	4	7	6	6	7	4	7	7	6	6	7	6.6	6	4	3	4	4	4.2	7	3	2	5	5	5	6	6	5	4	4	3	4	6	3	4	6	6	5	7	6	6	4.909090909	6	3	2	3.666666667	5	0	5	20	6.683372
1	17	0	0	2	3	2	3	2	1	4	4	1	3	2.5	4	3	2	4	2	3	3	4	2	5	3.2	3	4	3	4	4	3	3	2	2	4	3	4	3	3	4	2	4	5	3.333333333	4	4	3	4	4	4	3	3.714285714	5	5	5	4	5	3	4	4.428571429	3	3	2	2	3	2	1	2	2	2	1	3	3	3	1	1	2.125	5	6	3	1	5	7	5	4	6	5	6	7	5	4	6	5.6	5	3	1	5	5	3.8	5	3	3	2	6	6	6	7	7	6	3	3	6	7	6	7	5	7	6	1	5	5	5.090909091	4	7	6	5.666666667	3	0	6	60	NA
1	18	1	1	2	3	3	1	1	2	1	1	2	1	1.7	4	3	3	5	4	4	4	4	4	5	4	4	4	3	4	5	2	3	3	4	4	5	3	4	5	4	5	5	4	3.944444444	4	4	4	4	4	3	3	3.714285714	4	3	3	3	4	3	4	3.428571429	2	1	2	1	2	1	1	3	1	1	2	1	1	2	1	1	1.4375	7	6	5	4	7	7	6	6	7	7	6	7	6	6	7	6.4	7	5	4	7	7	6	6	4	2	6	5	6	6	7	6	3	7	7	7	6	5	7	7	7	6	7	6	6	5.863636364	4	3	4	3.666666667	2	0	4	50	3.911258
1	18	0	1	3	2	2	1	2	1	1	2	1	2	1.7	2	1	1	4	3	4	2	1	2	4	2.4	3	3	4	4	4	4	3	4	4	3	3	3	2	3	4	2	4	4	3.388888889	4	2	3	4	4	5	4	3.714285714	4	3	4	4	3	2	3	3.285714286	2	2	2	1	1	1	1	3	2	3	1	2	2	3	2	2	1.875	4	7	3	3	6	7	6	6	6	6	7	7	6	6	6	6.4	4	3	3	6	6	4.4	6	3	4	5	5	7	5	7	7	4	4	6	6	6	6	6	6	5	7	6	7	3	5.5	5	5	5	5	3	0	5	100	2.754412
1	18	0	1	3	3	2	3	3	2	3	2	2	2	2.5	2	1	2	1	2	4	2	2	2	3	2.1	3	4	4	4	4	3	4	3	3	4	4	4	3	3	3	4	3	3	3.5	3	3	3	3	3	3	4	3.142857143	4	4	4	4	4	3	4	3.857142857	2	3	4	2	2	2	2	2	2	3	2	2	2	3	2	2	2.3125	5	6	3	4	6	7	6	6	6	5	6	7	6	6	6	6.2	5	3	4	6	5	4.6	4	4	3	6	6	5	6	7	7	6	5	6	7	6	5	6	5	7	6	4	7	5	5.590909091	4	6	6	5.333333333	5	0	7	0	10.763149
1	20	0	1	1	3	2	2	2	1	2	2	2	1	1.8	5	3	4	4	4	5	3	4	5	5	4.2	3	3	4	3	4	3	4	4	3	4	3	4	3	4	3	4	4	4	3.555555556	4	4	4	3	4	4	4	3.857142857	5	4	4	3	4	3	3	3.714285714	2	2	3	3	2	3	1	3	2	2	1	3	1	3	2	2	2.1875	4	7	4	4	4	7	5	6	6	3	7	7	5	6	6	6.2	4	4	4	4	3	3.8	5	7	3	7	7	7	1	7	7	7	6	7	7	7	7	7	5	7	7	7	7	7	6.318181818	5	7	5	5.666666667	2	0	4	80	8.872484
1	18	1	1	2	3	2	2	2	1	2	3	2	1	2	5	4	4	4	4	4	4	2	2	5	3.8	2	1	4	3	4	4	4	4	2	4	3	4	4	3	4	4	3	5	3.444444444	4	5	4	4	5	4	5	4.428571429	5	4	5	3	4	2	4	3.857142857	3	2	1	2	2	1	1	1	2	2	2	2	1	2	1	2	1.6875	3	7	4	2	5	7	6	6	7	5	7	7	6	6	7	6.6	3	4	2	5	5	3.8	5	3	4	5	5	3	6	6	4	5	5	6	5	6	4	6	6	5	6	3	4	5	4.863636364	3	5	4	4	2	0	5	25	8.673753
1	18	0	1	3	2	2	3	2	1	4	3	2	1	2.3	3	1	2	4	1	4	1	1	1	5	2.3	2	1	4	3	4	1	5	3	3	3	2	4	2	2	2	2	2	5	2.777777778	5	4	5	4	4	5	5	4.571428571	5	3	4	2	3	3	4	3.428571429	2	2	3	1	2	2	2	1	2	1	1	3	2	1	2	1	1.75	2	7	1	2	2	7	6	6	7	2	7	7	6	6	7	6.6	2	1	2	2	2	1.8	5	3	6	7	6	6	7	7	3	6	3	5	5	6	2	6	2	7	6	7	6	5	5.272727273	2	6	6	4.666666667	7	0	7	70	15.240742
1	18	0	1	3	2	4	5	2	3	2	3	2	3	2.9	3	1	1	1	5	4	4	1	2	3	2.5	1	3	4	2	3	4	2	4	2	2	2	3	2	5	3	4	4	4	3	4	5	3	3	4	4	4	3.857142857	5	4	5	4	4	3	3	4	1	2	3	2	4	1	1	1	1	1	1	2	1	2	1	2	1.625	3	7	5	5	2	7	5	6	7	4	7	7	5	6	7	6.4	3	5	5	2	4	3.8	4	5	5	3	6	4	5	7	6	5	5	2	4	6	6	7	4	5	3	3	2	4	4.590909091	1	2	2	1.666666667	6	0	4	90	11.575922
1	18	0	NA	3	2	1	3	1	2	3	2	3	3	2.3	4	1	1	2	4	4	1	1	4	3	2.5	2	2	4	5	4	4	1	4	4	4	3	4	2	3	3	4	4	4	3.388888889	4	4	3	4	2	4	4	3.571428571	5	4	4	4	4	3	3	3.857142857	1	1	4	3	3	1	3	1	1	1	2	2	1	3	1	1	1.8125	4	6	1	1	5	7	4	4	6	4	6	7	4	4	6	5.4	4	1	1	5	4	3	5	5	5	4	6	5	3	6	4	5	5	4	4	7	5	7	4	5	7	5	3	4	4.909090909	1	1	1	1	NA	NA	NA	NA	NA
1	18	1	1	3	3	1	3	3	2	4	3	3	2	2.7	3	2	1	3	4	3	2	1	2	4	2.5	3	2	4	4	3	2	3	5	3	3	4	4	3	3	4	4	4	2	3.333333333	3	4	3	3	4	4	2	3.285714286	4	4	3	3	3	2	2	3	3	2	3	2	3	2	2	3	3	3	3	3	2	3	2	3	2.625	3	5	3	3	2	5	5	4	5	4	5	5	5	4	5	4.8	3	3	3	2	4	3	5	3	2	3	3	3	4	5	3	3	3	3	4	5	3	2	4	5	4	3	3	4	3.5	3	3	3	3	5	0	6	0	15.396327
1	20	0	1	3	3	3	2	3	3	3	2	3	3	2.8	4	3	3	3	3	3	3	3	3	3	3.1	2	3	3	4	4	4	4	5	4	4	4	5	3	4	3	3	1	4	3.555555556	4	5	4	5	5	4	4	4.428571429	4	3	4	2	5	4	4	3.714285714	3	2	2	1	3	2	3	2	3	1	1	2	1	1	1	1	1.8125	6	3	5	4	6	5	5	5	5	6	3	5	5	5	5	4.6	6	5	4	6	6	5.4	4	4	5	5	5	4	5	3	4	6	3	3	7	2	5	7	4	4	3	2	4	5	4.272727273	4	4	5	4.333333333	4	0	6	11	16.193411
1	18	0	1	2	4	2	4	3	1	4	5	3	4	3.2	3	2	2	2	3	4	2	1	2	3	2.4	2	2	4	3	2	2	3	4	4	4	3	3	2	2	2	3	3	3	2.833333333	3	3	3	4	4	4	3	3.428571429	2	2	3	3	3	2	4	2.714285714	2	2	2	2	2	2	1	3	1	3	2	2	2	1	1	2	1.875	6	6	5	2	6	7	7	7	7	6	6	7	7	7	7	6.8	6	5	2	6	6	5	4	2	6	1	7	6	6	7	5	7	4	2	7	7	5	1	4	7	5	3	7	4	4.863636364	4	5	3	4	2	0	5	60	12.834632
1	18	0	1	2	4	4	3	3	2	4	2	2	1	2.7	5	2	2	3	4	4	2	4	4	5	3.5	3	4	5	2	4	3	3	2	3	2	4	4	3	4	3	4	4	4	3.388888889	5	4	4	5	4	4	5	4.428571429	4	3	4	4	4	4	5	4	1	1	2	1	3	2	1	1	2	1	1	1	1	2	1	1	1.375	6	6	5	4	6	7	6	5	6	5	6	7	6	5	6	6	6	5	4	6	5	5.2	6	4	6	4	6	6	6	6	6	7	3	4	7	1	6	4	6	7	7	7	7	7	5.590909091	7	7	7	7	2	0	6	50	3.915336
1	20	1	NA	5	5	3	4	1	2	5	5	3	2	3.5	4	1	1	2	4	4	3	1	3	4	2.7	3	4	4	5	5	5	4	2	5	4	4	4	2	3	4	5	3	4	3.888888889	5	5	4	4	5	5	4	4.571428571	5	5	5	3	5	1	3	3.857142857	1	2	1	1	3	1	2	3	1	1	2	1	1	1	1	1	1.4375	2	7	6	7	6	7	7	5	6	7	7	7	7	5	6	6.4	2	6	7	6	7	5.6	7	2	4	7	7	5	3	7	5	4	7	7	3	3	7	7	2	5	5	7	2	5	5.045454545	4	6	6	5.333333333	NA	NA	NA	NA	NA
1	18	0	NA	2	3	2	2	3	2	3	3	4	2	2.6	4	2	4	4	3	4	2	3	2	4	3.2	2	2	3	3	4	2	4	3	4	4	3	4	3	2	2	4	4	4	3.166666667	4	2	4	4	4	4	4	3.714285714	4	4	4	3	3	2	3	3.285714286	1	2	3	1	3	1	1	2	1	1	1	1	1	2	1	1	1.4375	5	7	3	5	5	7	5	5	5	5	7	7	5	5	5	5.8	5	3	5	5	5	4.6	7	4	4	6	5	7	7	7	7	7	6	7	7	7	6	7	5	7	7	6	7	7	6.363636364	7	6	7	6.666666667	NA	NA	NA	NA	NA
1	18	1	1	1	3	4	1	3	3	3	3	2	1	2.4	1	1	2	5	4	3	3	1	4	5	2.9	4	4	5	3	4	3	3	5	4	4	5	5	4	4	4	4	3	5	4.055555556	5	5	5	5	5	5	4	4.857142857	4	4	5	4	4	3	4	4	1	2	3	3	1	1	1	2	2	2	1	2	1	2	1	1	1.625	2	7	6	4	3	7	6	6	7	5	7	7	6	6	7	6.6	2	6	4	3	5	4	7	5	7	7	7	6	7	7	6	5	5	4	7	7	5	6	4	7	7	7	7	6	6.181818182	4	7	7	6	4	0	6	40	4.671044
1	18	0	1	3	3	3	3	3	3	3	3	3	3	3	4	2	3	2	4	4	2	2	2	3	2.8	2	3	4	4	4	2	3	3	2	3	3	3	2	3	2	2	2	3	2.777777778	4	4	4	4	4	3	3	3.714285714	3	3	3	4	3	3	3	3.142857143	2	2	3	2	2	2	2	3	2	2	2	2	2	2	2	2	2.125	3	6	3	5	5	7	5	5	6	5	6	7	5	5	6	5.8	3	3	5	5	5	4.2	7	4	6	5	5	6	6	4	5	4	4	3	6	5	4	6	5	5	4	3	4	5	4.818181818	2	6	6	4.666666667	3	0	7	50	13.865837
1	20	1	1	4	4	4	4	2	1	2	4	2	2	2.9	2	2	2	2	4	5	4	2	4	4	3.1	2	2	3	3	4	3	4	4	4	4	4	4	4	3	3	3	4	3	3.388888889	2	3	3	3	4	3	4	3.142857143	4	4	3	2	4	3	2	3.142857143	3	2	3	3	3	2	3	3	2	3	3	2	2	3	2	2	2.5625	3	5	2	2	3	6	4	4	4	3	5	6	4	4	4	4.6	3	2	2	3	3	2.6	4	3	3	4	3	5	4	5	5	3	4	5	4	3	3	3	5	5	4	3	3	4	3.863636364	3	3	3	3	3	0	5	50	4.104334
1	18	1	0	4	4	4	3	4	1	4	4	2	4	3.4	4	2	2	4	4	4	2	2	2	4	3	2	3	4	3	4	2	3	2	3	3	4	3	3	3	3	4	2	4	3.055555556	4	3	4	3	4	3	4	3.571428571	4	4	4	4	4	3	4	3.857142857	2	2	2	2	2	2	2	3	2	2	2	2	2	2	2	2	2.0625	3	6	4	2	2	6	6	6	6	3	6	6	6	6	6	6	3	4	2	2	3	2.8	5	5	4	3	2	4	4	5	6	5	4	4	5	5	5	5	5	5	4	5	5	4	4.5	4	6	5	5	4	0	5	80	NA
1	19	0	1	1	2	1	2	1	1	1	2	2	1	1.4	5	4	5	3	5	5	1	4	4	5	4.1	3	4	5	5	5	5	5	2	3	4	3	5	2	5	3	4	5	5	4.055555556	5	5	5	4	5	5	5	4.857142857	5	4	5	5	5	2	4	4.285714286	2	1	3	3	2	3	2	1	1	1	1	1	1	4	2	1	1.8125	1	7	1	1	3	7	6	7	7	3	7	7	6	7	7	6.8	1	1	1	3	3	1.8	6	4	4	3	2	2	5	1	1	1	7	5	7	7	1	7	6	7	4	2	4	7	4.227272727	4	7	7	6	2	0	5	95	4.070757
1	18	0	1	2	3	2	4	1	2	2	1	2	2	2.1	4	2	4	2	5	4	4	1	4	4	3.4	2	4	4	4	2	5	5	1	2	4	2	4	1	1	1	1	2	5	2.777777778	5	4	5	5	5	5	5	4.857142857	4	4	5	5	5	5	4	4.571428571	3	2	4	2	2	2	2	3	2	2	1	2	2	3	1	2	2.1875	4	6	4	6	6	7	6	5	6	4	6	7	6	5	6	6	4	4	6	6	4	4.8	6	7	7	1	7	3	7	7	7	7	7	7	7	7	7	7	1	7	5	7	7	7	6.136363636	6	7	7	6.666666667	1	0	7	90	1.741758
1	17	1	1	3	3	3	3	1	1	2	2	1	3	2.2	5	1	2	1	2	3	1	1	1	2	1.9	3	2	4	2	3	4	1	1	2	3	5	4	3	4	3	3	2	4	2.944444444	4	4	4	2	4	3	2	3.285714286	4	5	4	3	4	4	4	4	3	2	2	2	4	2	2	3	2	3	1	2	1	3	1	1	2.125	5	6	1	1	5	7	4	4	4	2	6	7	4	4	4	5	5	1	1	5	2	2.8	4	5	1	3	6	4	4	6	6	6	4	6	7	6	4	6	6	6	5	7	5	2	4.954545455	2	4	4	3.333333333	3	0	6	60	12.423375
1	18	0	1	2	2	2	2	3	2	3	3	2	2	2.3	4	3	3	5	4	4	3	4	2	5	3.7	2	3	3	3	4	2	3	4	2	4	4	4	2	3	3	4	4	3	3.166666667	4	1	3	4	5	5	4	3.714285714	4	2	5	3	3	4	4	3.571428571	2	2	3	2	2	2	1	3	2	2	1	2	1	1	1	2	1.8125	5	6	5	2	4	7	6	5	6	6	6	7	6	5	6	6	5	5	2	4	6	4.4	6	5	5	6	7	4	6	6	5	5	6	6	7	2	3	6	3	7	6	3	6	6	5.272727273	5	5	5	5	3	0	5	60	15.273606
1	19	1	0	2	3	2	3	3	1	2	4	3	2	2.5	4	2	2	3	4	5	4	2	3	4	3.3	2	2	4	3	3	3	2	3	4	3	3	3	3	3	3	4	4	4	3.111111111	4	3	4	3	4	4	3	3.571428571	5	4	4	1	3	1	1	2.714285714	3	3	3	4	2	3	3	2	2	2	2	2	2	3	1	2	2.4375	5	5	4	1	3	4	4	3	3	4	5	4	4	3	3	3.8	5	4	1	3	4	3.4	6	4	2	4	2	6	5	5	6	4	5	3	5	4	1	2	4	5	3	3	3	3	3.863636364	2	4	3	3	3	1	6	90	NA
1	18	0	1	2	4	3	2	2	1	4	5	3	2	2.8	3	1	2	3	4	4	2	1	2	4	2.6	2	2	4	5	5	1	3	4	3	3	3	2	1	1	3	2	2	3	2.722222222	3	3	5	4	4	4	4	3.857142857	4	3	4	3	3	3	3	3.285714286	2	3	3	1	1	1	1	1	2	3	1	1	1	2	1	1	1.5625	3	6	5	3	5	7	6	6	7	4	6	7	6	6	7	6.4	3	5	3	5	4	4	6	2	7	7	6	5	7	7	7	7	6	4	7	7	4	5	4	7	6	5	7	7	5.909090909	4	7	6	5.666666667	6	0	7	20	14.111616
1	18	1	1	2	3	2	2	2	1	2	3	2	2	2.1	4	2	3	4	3	5	3	2	4	3	3.3	3	2	3	4	4	2	2	2	3	4	3	4	2	4	4	3	2	3	3	3	3	3	3	3	2	3	2.857142857	4	4	5	3	4	4	4	4	3	2	2	2	3	2	2	3	2	2	2	2	2	3	2	2	2.25	5	6	4	4	5	7	5	5	5	4	6	7	5	5	5	5.6	5	4	4	5	4	4.4	6	4	2	5	4	6	3	4	4	5	6	3	5	6	5	6	4	5	6	6	6	5	4.818181818	3	4	4	3.666666667	3	0	3	65	9.657467
1	19	0	1	4	4	4	3	3	2	4	4	4	4	3.6	2	2	2	3	3	3	2	2	3	3	2.5	4	4	4	5	4	3	2	4	3	5	4	5	3	4	3	3	4	4	3.777777778	4	3	5	4	1	3	3	3.285714286	4	4	5	3	4	4	4	4	1	2	2	1	3	1	1	3	1	2	2	2	1	2	1	1	1.625	4	6	6	5	6	7	7	7	7	4	6	7	7	7	7	6.8	4	6	5	6	4	5	7	6	7	7	6	5	6	7	5	7	6	6	7	7	5	3	5	7	5	5	7	6	6	6	6	6	6	2	0	2	30	16.570433
1	18	0	1	1	2	1	3	2	2	2	3	2	1	1.9	5	4	4	3	4	5	4	3	4	5	4.1	3	3	4	4	4	3	4	3	3	4	4	4	3	2	3	4	2	5	3.444444444	5	5	5	5	5	5	5	5	5	4	5	2	5	4	5	4.285714286	2	2	3	3	2	3	3	2	2	1	1	3	1	3	1	1	2.0625	5	7	4	1	5	7	6	5	6	5	7	7	6	5	6	6.2	5	4	1	5	5	4	6	4	3	6	6	7	5	7	5	6	4	5	7	6	1	7	6	6	6	7	7	5	5.545454545	6	7	6	6.333333333	2	0	4	75	4.743615
1	20	0	0	2	3	3	2	2	2	1	3	3	3	2.4	2	1	1	2	3	4	1	1	2	3	2	2	4	4	4	4	3	3	4	3	4	3	4	2	3	3	4	3	5	3.444444444	4	3	4	4	5	5	4	4.142857143	3	4	4	3	4	4	4	3.714285714	2	3	3	1	3	1	4	1	1	1	1	3	1	3	1	3	2	4	6	4	6	4	7	7	7	7	3	6	7	7	7	7	6.8	4	4	6	4	3	4.2	5	6	7	2	7	5	6	7	6	1	6	7	7	7	6	7	6	7	6	4	5	6	5.727272727	7	7	7	7	5	1	7	50	NA
1	23	0	1	4	3	3	4	5	2	3	5	2	4	3.5	3	3	1	4	1	4	3	1	2	4	2.6	3	4	4	3	4	4	2	4	2	4	4	4	3	4	2	2	4	3	3.333333333	4	3	3	3	3	3	3	3.142857143	4	4	4	4	4	3	2	3.571428571	2	3	3	2	3	2	2	3	2	2	2	3	2	3	2	2	2.375	6	6	3	2	6	7	4	4	5	5	6	7	4	4	5	5.2	6	3	2	6	5	4.4	4	1	2	3	4	3	5	6	4	4	6	6	6	7	5	6	4	3	4	4	5	2	4.272727273	2	3	3	2.666666667	5	1	7	80	20
1	19	1	1	2	3	1	2	1	1	2	4	2	1	1.9	4	2	3	4	4	4	2	1	3	4	3.1	3	4	4	4	4	2	2	3	4	4	4	3	2	3	3	3	4	4	3.333333333	3	4	2	4	5	3	3	3.428571429	4	4	4	3	4	3	4	3.714285714	2	2	2	1	3	2	1	2	2	2	3	2	1	3	2	1	1.9375	4	6	5	5	5	7	6	5	6	2	6	7	6	5	6	6	4	5	5	5	2	4.2	5	4	3	5	3	5	5	6	5	3	4	4	6	6	4	5	4	6	3	6	5	5	4.636363636	6	6	6	6	2	0	5	80	8.533418
1	18	1	1	2	2	2	2	2	2	2	2	1	1	1.8	4	2	3	3	3	4	3	3	2	4	3.1	2	3	3	2	2	2	3	2	2	4	3	3	2	2	3	3	4	3	2.666666667	3	3	4	3	3	2	2	2.857142857	3	4	4	4	4	2	3	3.428571429	3	2	3	3	3	2	2	2	2	2	2	2	2	3	2	2	2.3125	5	6	2	2	4	7	4	3	6	4	6	7	4	3	6	5.2	5	2	2	4	4	3.4	5	2	3	3	6	3	5	6	5	5	5	5	6	7	3	5	3	6	5	6	6	4	4.727272727	4	5	5	4.666666667	3	0	6	55	11.257031
1	18	0	1	2	3	2	2	2	2	2	3	3	2	2.3	4	3	3	4	3	3	2	2	3	4	3.1	4	3	4	3	4	2	4	3	3	5	3	4	3	4	3	4	4	4	3.555555556	3	3	4	3	4	4	4	3.571428571	4	3	4	3	4	3	3	3.428571429	1	1	3	2	2	2	1	3	1	2	1	2	1	2	1	1	1.625	2	7	2	4	2	7	7	7	7	2	7	7	7	7	7	7	2	2	4	2	2	2.4	7	7	7	7	7	7	7	7	7	7	6	7	7	1	7	7	7	7	7	7	7	7	6.681818182	7	7	7	7	4	0	7	80	13.553706
1	18	0	1	2	4	3	3	3	1	3	4	3	2	2.8	4	1	1	1	4	4	2	1	3	4	2.5	2	2	4	3	4	2	4	4	4	4	3	4	2	2	2	4	4	4	3.222222222	4	4	4	5	5	4	3	4.142857143	3	4	4	4	2	1	3	3	1	2	2	1	2	2	1	2	1	1	1	1	1	3	1	1	1.4375	5	7	1	1	5	7	6	7	7	5	7	7	6	7	7	6.8	5	1	1	5	5	3.4	5	4	5	4	3	7	2	7	4	2	5	5	5	7	1	6	3	4	5	2	4	5	4.318181818	4	5	5	4.666666667	4	0	6	75	5.741299
1	19	0	1	2	3	3	3	3	3	3	3	2	3	2.8	4	3	3	3	4	4	2	3	3	3	3.2	3	3	3	3	3	3	3	3	4	3	3	4	3	3	3	3	3	4	3.166666667	3	3	3	3	4	3	3	3.142857143	3	4	4	4	4	3	3	3.571428571	3	2	3	1	3	2	2	2	2	2	2	2	2	1	1	2	2	4	5	3	5	5	7	5	4	5	5	5	7	5	4	5	5.2	4	3	5	5	5	4.4	5	5	4	5	6	6	5	6	4	4	4	4	6	6	5	5	4	6	5	6	6	5	5.090909091	4	4	4	4	3.5	0	4	45	15.445739
1	18	1	1	2	4	2	2	4	2	2	4	2	2	2.6	4	2	2	2	4	4	2	1	4	4	2.9	4	2	3	4	4	2	4	4	4	4	3	4	4	4	2	3	4	4	3.5	3	3	4	4	4	4	4	3.714285714	5	4	4	2	3	4	4	3.714285714	2	2	2	3	3	2	3	2	1	2	2	2	2	3	2	2	2.1875	5	7	4	4	3	7	5	6	6	5	7	7	5	6	6	6.2	5	4	4	3	5	4.2	2	5	5	6	5	6	2	7	5	4	3	5	5	6	4	6	5	5	5	4	3	3	4.590909091	3	3	4	3.333333333	2	0	2	60	2.746188
1	19	0	1	2	3	3	3	4	2	3	4	4	2	3	4	2	4	3	2	4	3	3	3	5	3.3	2	3	2	2	3	2	3	2	2	3	2	4	1	1	2	1	1	2	2.111111111	4	1	4	4	4	3	2	3.142857143	4	3	4	3	3	2	2	3	2	2	3	1	3	2	3	2	1	1	3	2	1	3	1	2	2	6	6	1	2	5	7	5	5	7	5	6	7	5	5	7	6	6	1	2	5	5	3.8	4	4	2	6	4	3	5	6	6	6	4	5	4	5	1	2	5	5	3	7	6	4	4.409090909	2	5	2	3	3	0	7	40	5.525066
1	18	1	NA	1	5	1	2	2	2	5	2	1	1	2.2	4	1	1	2	4	5	1	1	2	4	2.5	4	2	4	5	4	1	3	3	3	4	4	4	3	4	3	4	3	3	3.388888889	3	4	3	4	4	1	1	2.857142857	5	4	4	3	4	3	4	3.857142857	2	1	4	1	2	2	2	3	1	2	2	1	1	4	2	1	1.9375	5	7	4	5	5	7	4	5	7	4	7	7	4	5	7	6	5	4	5	5	4	4.6	2	4	1	4	4	4	4	7	7	4	4	4	6	7	4	7	6	6	3	2	4	4	4.454545455	1	4	4	3	NA	NA	NA	NA	NA
1	18	0	0	2	3	2	2	3	1	3	3	3	1	2.3	4	2	2	5	2	5	2	1	2	4	2.9	1	2	2	3	2	3	1	2	3	2	2	3	1	2	1	2	4	5	2.277777778	5	1	4	5	4	5	5	4.142857143	5	4	5	4	4	4	3	4.142857143	2	1	2	2	3	2	1	1	2	1	2	1	1	3	1	1	1.625	2	7	2	1	2	7	6	7	7	4	7	7	6	7	7	6.8	2	2	1	2	4	2.2	7	6	2	4	6	3	7	6	6	6	4	6	6	6	5	6	5	7	6	7	5	6	5.545454545	7	7	6	6.666666667	2	0	6	20	NA
1	19	0	1	4	5	4	5	4	4	5	4	2	2	3.9	4	2	3	1	4	5	2	2	4	5	3.2	4	4	4	4	5	4	3	5	4	3	4	4	3	4	4	4	5	5	4.055555556	5	5	5	3	5	3	2	4	4	5	4	5	2	3	4	3.857142857	4	3	2	1	4	1	1	1	2	2	1	2	1	1	1	1	1.75	5	7	4	1	5	7	6	6	6	5	7	7	6	6	6	6.4	5	4	1	5	5	4	7	7	1	7	4	7	7	7	7	1	7	7	7	7	7	4	7	7	7	7	7	4	6.045454545	4	5	5	4.666666667	6	0	7	0	14.84241
1	18	0	1	1	1	1	2	1	1	2	1	1	1	1.2	2	1	1	1	2	2	2	1	2	1	1.5	2	4	5	4	5	4	4	5	4	4	3	4	4	3	3	4	4	5	3.944444444	5	5	4	4	5	5	4	4.571428571	4	3	5	3	3	3	4	3.571428571	1	1	3	1	1	1	3	3	1	1	1	1	1	1	1	1	1.375	2	7	1	5	3	7	6	7	7	4	7	7	6	7	7	6.8	2	1	5	3	4	3	7	2	4	7	7	5	7	7	6	4	4	6	7	7	4	5	7	7	6	6	7	5	5.772727273	5	7	7	6.333333333	2	0	4	80	6.665006
1	17	0	0	5	5	4	4	4	3	1	3	4	1	3.4	4	1	2	5	2	5	1	1	5	4	3	1	2	3	3	2	1	4	2	2	5	3	3	1	2	1	2	1	5	2.388888889	4	2	4	2	5	4	3	3.428571429	4	5	5	4	5	2	5	4.285714286	2	2	4	2	2	3	2	4	2	2	1	2	1	3	1	1	2.125	2	4	1	1	4	7	2	4	5	5	4	7	2	4	5	4.4	2	1	1	4	5	2.6	7	2	1	7	7	4	7	7	7	4	5	3	6	7	4	3	7	6	7	7	7	7	5.545454545	2	6	4	4	1	0	5	60	NA
1	18	0	1	2	1	1	2	1	1	2	1	3	1	1.5	4	1	4	4	5	4	2	1	3	5	3.3	1	2	3	1	3	2	4	2	1	2	1	2	1	1	4	1	2	4	2.055555556	4	5	3	5	5	5	5	4.571428571	5	5	5	5	4	5	3	4.571428571	3	1	2	1	1	1	1	2	3	1	1	1	1	2	1	1	1.4375	5	1	2	2	5	7	5	5	6	6	1	7	5	5	6	4.8	5	2	2	5	6	4	6	2	5	5	7	6	6	7	1	4	6	5	7	7	7	6	3	6	4	7	7	7	5.5	4	4	4	4	5	0	7	0	14.244116
1	18	0	1	2	2	2	2	1	1	3	3	2	1	1.9	4	3	3	3	4	3	2	1	3	3	2.9	2	5	4	4	4	4	4	3	4	4	3	4	3	3	3	2	2	4	3.444444444	4	4	4	4	5	5	4	4.285714286	4	4	4	4	3	4	4	3.857142857	2	3	2	1	1	2	1	2	2	2	1	2	2	3	1	2	1.8125	6	6	6	2	6	7	5	6	6	6	6	7	5	6	6	6	6	6	2	6	6	5.2	6	6	5	6	6	6	6	6	6	6	4	6	6	6	5	5	5	6	5	6	6	5	5.636363636	3	3	3	3	3	0	5	80	17.635104
1	18	0	1	2	3	3	2	2	2	4	3	2	3	2.6	3	2	3	4	4	4	3	3	4	4	3.4	2	2	4	4	4	3	4	2	3	4	3	3	2	4	2	4	3	4	3.166666667	4	3	4	4	4	4	4	3.857142857	5	4	4	4	4	2	3	3.714285714	2	2	3	2	2	2	3	2	2	4	2	2	1	2	1	1	2.0625	3	6	2	2	4	7	4	6	6	5	6	7	4	6	6	5.8	3	2	2	4	5	3.2	2	7	3	2	6	3	2	5	7	6	5	5	7	7	4	6	6	6	6	6	6	2	4.954545455	3	6	5	4.666666667	3	0	4	75	2.10871
1	18	0	1	3	3	3	3	3	3	3	3	3	3	3	3	3	4	4	4	3	3	4	4	5	3.7	3	4	4	4	4	3	4	3	4	4	3	3	2	3	3	4	3	3	3.388888889	5	4	4	4	4	4	4	4.142857143	5	4	5	4	4	3	4	4.142857143	2	1	3	1	1	1	1	2	1	1	1	1	1	1	1	1	1.25	6	7	5	6	6	7	7	7	7	6	7	7	7	7	7	7	6	5	6	6	6	5.8	4	6	5	7	5	5	4	7	7	6	6	6	5	7	4	6	4	4	5	7	3	1	5.181818182	4	4	4	4	3	0	7	70	10.63522
1	19	0	1	2	3	1	2	1	1	2	3	1	1	1.7	4	2	3	3	3	3	1	1	4	2	2.6	2	1	3	2	2	2	4	5	2	4	3	4	3	2	2	4	3	5	2.944444444	2	2	3	3	4	4	4	3.142857143	5	5	5	4	5	3	3	4.285714286	3	2	3	2	3	2	3	3	2	1	1	1	1	3	2	1	2.0625	1	6	3	6	4	7	5	6	6	3	6	7	5	6	6	6	1	3	6	4	3	3.4	6	6	2	4	6	3	7	6	7	3	6	5	7	7	5	7	6	6	5	4	4	5	5.318181818	4	5	4	4.333333333	2	0	5	40	5.930739
1	18	1	1	1	2	2	2	3	1	2	4	2	1	2	4	2	4	4	4	4	2	1	1	4	3	3	4	4	3	3	4	2	4	3	3	4	4	2	3	2	2	2	2	3	2	3	2	3	3	2	3	2.571428571	4	4	3	2	1	2	2	2.571428571	3	4	3	2	4	3	2	3	2	3	3	4	3	4	2	4	3.0625	2	7	5	2	5	7	5	6	7	3	7	7	5	6	7	6.4	2	5	2	5	3	3.4	6	3	1	6	5	5	2	7	6	3	3	5	6	7	3	6	1	6	5	6	5	2	4.5	2	7	2	3.666666667	6	0	5	100	12.626013
1	18	0	1	3	3	3	2	3	1	4	3	3	4	2.9	1	1	1	1	2	3	1	1	2	2	1.5	1	2	2	3	3	3	2	4	2	4	1	4	2	1	1	3	5	3	2.555555556	4	4	5	3	5	3	4	4	5	5	4	2	2	2	4	3.428571429	1	1	2	1	2	1	1	2	2	1	1	1	1	2	1	2	1.375	6	4	3	1	6	6	6	5	6	5	4	6	6	5	6	5.4	6	3	1	6	5	4.2	6	5	7	1	7	4	4	6	3	5	6	3	6	7	5	7	2	5	4	7	6	2	4.909090909	4	6	5	5	4	0	6	80	7.754484
1	17	0	1	2	4	3	2	4	3	3	3	4	2	3	4	3	3	4	3	3	3	4	2	4	3.3	3	2	5	3	4	2	4	2	3	3	3	4	1	3	3	2	3	4	3	4	3	2	4	5	4	2	3.428571429	4	2	2	4	3	4	3	3.142857143	2	2	2	2	2	1	1	3	1	1	1	2	2	1	2	2	1.6875	3	6	3	2	4	7	3	4	6	3	6	7	3	4	6	5.2	3	3	2	4	3	3	6	2	3	5	5	3	5	7	6	6	5	6	5	7	4	7	3	6	6	6	5	5	5.136363636	5	4	4	4.333333333	4	0	7	50	8.505562
1	18	1	1	1	4	4	3	3	1	2	4	3	2	2.7	5	2	2	3	3	4	2	1	2	4	2.8	2	4	3	4	2	4	4	2	3	5	4	4	3	4	3	3	4	4	3.444444444	3	3	5	3	4	2	2	3.142857143	5	4	5	2	3	3	2	3.428571429	3	4	4	2	4	2	2	4	2	3	2	3	2	3	1	2	2.6875	1	7	2	1	1	7	5	5	6	2	7	7	5	5	6	6	1	2	1	1	2	1.4	6	3	4	2	5	2	6	4	7	5	4	4	6	6	1	5	5	7	6	1	7	5	4.590909091	3	2	5	3.333333333	2	0	5	90	5.015116
1	18	0	1	3	3	3	3	3	3	4	4	3	3	3.2	3	3	3	2	3	4	2	2	3	3	2.8	3	3	3	3	3	2	3	2	2	3	3	3	2	2	3	3	3	2	2.666666667	3	3	4	3	3	4	3	3.285714286	3	3	4	3	4	2	3	3.142857143	2	2	2	2	3	2	3	3	2	2	2	2	2	2	2	2	2.1875	4	4	5	3	3	7	5	4	5	3	4	7	5	4	5	5	4	5	3	3	3	3.6	6	3	5	4	6	4	5	7	4	5	6	5	7	7	5	5	2	6	4	4	6	5	5.045454545	3	6	5	4.666666667	3	0	6	50	17.553497
1	20	1	1	3	3	3	3	3	3	4	3	3	3	3.1	2	3	4	3	4	2	3	4	4	3	3.2	4	4	4	3	4	3	3	4	4	4	4	5	3	3	4	1	4	5	3.666666667	3	2	4	3	5	3	3	3.285714286	4	5	4	4	4	3	4	4	3	2	1	3	4	2	1	3	2	1	2	2	1	1	2	3	2.0625	6	6	3	3	5	7	6	5	7	5	6	7	6	5	7	6.2	6	3	3	5	5	4.4	5	4	3	5	5	4	5	7	6	5	5	6	6	7	6	7	4	6	7	7	6	5	5.5	3	3	4	3.333333333	5.5	0	5	70	6.508459
1	19	0	1	1	3	4	2	4	2	3	3	4	2	2.8	4	3	2	4	4	4	2	1	2	5	3.1	1	3	2	2	4	2	3	2	3	3	3	3	2	4	2	2	2	3	2.555555556	4	5	3	5	5	5	5	4.571428571	5	4	4	4	4	4	4	4.142857143	2	1	1	1	3	2	1	1	2	2	1	2	1	1	1	1	1.4375	3	3	4	4	4	7	5	4	5	3	3	7	5	4	5	4.8	3	4	4	4	3	3.6	7	4	6	7	6	4	6	7	7	3	6	6	7	6	6	5	6	7	6	7	7	7	6.045454545	2	3	4	3	1	0	5	0	12.055556
1	18	0	1	1	3	2	2	1	1	2	3	2	1	1.8	5	3	4	4	5	5	4	3	4	5	4.2	4	4	4	4	4	4	3	3	2	4	4	4	4	3	3	3	2	5	3.555555556	4	3	4	5	5	5	4	4.285714286	4	4	5	4	4	3	3	3.857142857	2	3	4	2	1	1	3	3	2	2	2	2	3	3	2	2	2.3125	4	7	4	3	4	7	5	6	6	5	7	7	5	6	6	6.2	4	4	3	4	5	4	5	5	5	7	7	7	7	7	7	7	6	7	7	7	6	7	6	7	7	7	7	7	6.590909091	6	7	7	6.666666667	2	0	4	85	18.969921
1	19	1	1	2	3	4	3	3	1	4	4	3	2	2.9	5	2	2	4	5	4	2	2	4	4	3.4	3	4	4	4	5	2	4	4	5	5	4	5	3	4	1	1	4	5	3.722222222	4	3	4	4	4	3	3	3.571428571	5	5	5	5	5	3	4	4.571428571	2	3	2	3	1	3	2	3	1	2	2	2	1	4	1	1	2.0625	5	6	4	5	6	7	5	5	5	5	6	7	5	5	5	5.6	5	4	5	6	5	5	7	7	1	7	2	3	7	7	5	5	5	7	7	7	1	7	4	7	7	7	7	7	5.636363636	7	7	7	7	2	0	5	85	6.378889
1	18	1	1	2	2	1	2	3	2	2	3	2	2	2.1	4	3	3	4	3	4	2	2	3	4	3.2	2	2	3	3	2	3	3	2	2	3	2	2	2	3	2	2	4	3	2.5	4	4	3	3	4	4	5	3.857142857	4	4	4	2	4	3	4	3.571428571	2	2	2	2	3	3	1	1	2	2	1	2	2	3	1	2	1.9375	2	6	4	4	3	7	5	6	6	4	6	7	5	6	6	6	2	4	4	3	4	3.4	5	4	2	6	3	3	5	3	6	4	4	3	5	5	3	6	5	7	4	4	4	4	4.318181818	3	5	5	4.333333333	1	0	1	15	5.775246
1	24	1	1	2	4	3	4	4	4	4	3	2	4	3.4	4	2	1	1	4	5	2	1	2	4	2.6	3	4	4	4	4	4	4	3	3	4	4	5	3	5	3	4	4	4	3.833333333	4	2	3	3	4	3	3	3.142857143	4	4	4	4	4	4	4	4	1	1	2	1	3	3	3	3	1	1	1	1	1	2	1	1	1.625	1	7	3	5	2	7	4	6	6	2	7	7	4	6	6	6	1	3	5	2	2	2.6	6	3	2	3	2	5	4	7	6	3	6	3	6	6	5	2	5	6	1	5	4	4	4.272727273	1	6	6	4.333333333	7	0	6	50	20
1	19	0	1	2	3	3	4	3	2	4	3	3	2	2.9	3	1	2	2	3	4	2	3	3	4	2.7	2	3	4	3	2	2	4	4	3	4	3	4	2	3	3	4	4	4	3.222222222	4	4	3	5	4	3	3	3.714285714	4	4	4	4	4	4	4	4	1	2	2	1	3	2	1	1	1	1	2	2	1	1	1	2	1.5	2	2	4	4	4	7	5	5	6	4	2	7	5	5	6	5	2	4	4	4	4	3.6	6	4	5	6	6	4	6	7	6	6	6	6	6	7	6	4	6	6	5	7	6	5	5.727272727	6	6	6	6	4	0	6	50	13.361926
1	19	0	1	1	3	2	4	2	4	2	4	2	1	2.5	5	1	4	2	2	3	4	2	4	4	3.1	3	3	2	2	4	3	2	4	2	4	2	4	2	4	3	2	4	4	3	4	4	3	4	4	4	4	3.857142857	4	2	4	2	4	2	4	3.142857143	2	2	2	1	2	2	1	3	1	2	2	2	2	1	1	1	1.6875	4	6	3	3	4	7	4	5	5	4	6	7	4	5	5	5.4	4	3	3	4	4	3.6	7	3	3	3	5	3	5	6	7	5	6	6	7	5	2	3	5	6	5	5	5	2	4.727272727	3	5	5	4.333333333	3	0	6	0	15.060977
1	18	0	1	3	3	3	2	4	2	3	3	2	2	2.7	4	3	4	4	4	4	2	3	2	4	3.4	2	2	2	2	2	3	2	4	2	3	1	2	1	1	1	3	2	5	2.222222222	4	1	4	4	5	5	4	3.857142857	3	3	4	2	3	2	3	2.857142857	2	2	2	2	3	3	2	3	2	2	1	2	2	4	1	1	2.125	6	7	1	4	3	7	6	7	7	3	7	7	6	7	7	6.8	6	1	4	3	3	3.4	5	5	5	7	7	4	7	7	5	7	5	7	7	7	7	7	5	7	6	6	7	7	6.227272727	7	7	6	6.666666667	5	0	7	35	13.432152
1	19	0	NA	3	5	4	3	2	1	5	5	3	1	3.2	1	1	1	1	3	3	1	1	1	1	1.4	1	5	5	5	5	1	5	5	3	3	4	4	2	5	1	3	4	5	3.666666667	2	5	5	3	5	5	5	4.285714286	2	2	3	3	5	4	4	3.285714286	2	2	3	1	3	2	1	1	1	2	1	2	1	2	1	1	1.625	5	7	5	3	1	7	5	7	6	7	7	7	5	7	6	6.4	5	5	3	1	7	4.2	7	4	3	7	7	4	5	7	5	6	5	5	7	7	1	7	1	7	5	5	5	4	5.181818182	4	7	7	6	NA	NA	NA	NA	NA
1	18	0	1	2	4	3	4	3	1	2	2	3	2	2.6	2	1	3	2	3	4	4	2	4	4	2.9	2	4	4	4	4	4	3	5	3	4	4	4	4	4	2	3	2	4	3.555555556	3	4	4	3	4	4	4	3.714285714	2	3	4	2	4	3	4	3.142857143	1	4	3	2	3	2	2	2	2	1	1	4	1	1	1	1	1.9375	5	6	4	4	4	6	6	6	6	6	6	6	6	6	6	6	5	4	4	4	6	4.6	2	1	5	1	7	6	5	7	6	7	3	6	7	7	2	7	3	7	7	7	1	3	4.863636364	4	6	3	4.333333333	2	0	5	75	5.255709
1	18	0	1	2	3	4	2	2	2	3	4	2	2	2.6	4	2	3	4	3	4	3	2	3	4	3.2	4	3	4	2	4	3	3	2	3	3	2	4	3	3	2	4	4	4	3.166666667	4	4	3	4	4	4	4	3.857142857	4	4	4	4	3	2	3	3.428571429	1	2	2	1	2	2	2	2	2	1	2	2	1	2	1	1	1.625	4	6	3	3	4	7	5	5	6	3	6	7	5	5	6	5.8	4	3	3	4	3	3.4	6	2	6	5	6	3	3	6	5	5	3	6	5	2	5	7	2	6	6	3	3	5	4.545454545	5	5	4	4.666666667	3	0	3	80	5.368496
1	18	1	1	1	5	2	5	2	1	1	2	2	1	2.2	5	1	4	1	4	5	5	4	4	5	3.8	4	5	5	4	4	5	5	2	2	5	5	5	3	5	2	2	4	5	4	4	1	3	3	2	2	4	2.714285714	5	2	5	4	2	1	2	3	2	2	3	1	4	2	3	3	1	2	3	3	2	4	1	1	2.3125	4	7	6	7	7	7	7	6	7	5	7	7	7	6	7	6.8	4	6	7	7	5	5.8	6	4	1	2	5	7	7	1	6	6	4	1	6	3	4	7	5	4	3	1	3	7	4.227272727	1	7	7	5	1	0	4	65	3.16293
1	18	1	NA	2	4	4	5	2	2	2	2	2	1	2.6	4	2	2	1	4	4	4	4	4	5	3.4	4	3	4	3	4	4	5	4	1	5	4	4	3	4	4	3	4	4	3.722222222	5	3	3	3	3	2	4	3.285714286	4	2	4	2	3	2	2	2.714285714	2	3	2	2	4	1	1	2	2	2	3	2	2	3	2	1	2.125	1	6	6	7	4	7	7	6	7	4	6	7	7	6	7	6.6	1	6	7	4	4	4.4	6	4	1	2	5	6	6	1	7	6	4	1	6	6	1	6	4	6	5	1	5	5	4.272727273	1	7	3	3.666666667	NA	NA	NA	NA	NA
1	18	0	1	1	4	3	2	4	1	4	4	2	3	2.8	5	1	3	4	2	5	2	2	4	5	3.3	1	4	5	5	4	1	3	3	3	4	4	5	2	3	2	4	4	5	3.444444444	5	5	5	4	5	4	4	4.571428571	5	5	4	2	5	4	4	4.142857143	1	1	3	1	2	2	1	1	1	1	1	1	1	4	1	1	1.4375	5	7	4	1	5	7	6	6	7	4	7	7	6	6	7	6.6	5	4	1	5	4	3.8	7	6	1	6	6	6	7	7	7	1	7	7	7	7	7	6	7	7	6	7	4	7	6.045454545	6	1	1	2.666666667	5	0	7	20	7.754557
1	18	0	1	2	3	3	3	4	2	2	4	4	4	3.1	4	2	2	1	4	5	2	3	5	5	3.3	3	2	3	2	2	1	3	1	2	4	4	3	3	4	4	4	4	4	2.944444444	5	4	5	5	5	5	5	4.857142857	4	4	4	4	4	3	4	3.857142857	2	1	1	2	2	2	1	1	2	1	1	2	1	2	1	1	1.4375	6	7	5	5	6	7	7	7	7	6	7	7	7	7	7	7	6	5	5	6	6	5.6	7	4	3	4	7	6	6	7	7	7	4	6	6	6	2	6	4	6	4	7	6	6	5.5	5	4	5	4.666666667	4	0	7	15	7.111137
1	19	0	0	2	2	2	2	1	2	2	2	2	1	1.8	3	2	2	1	4	4	2	2	1	2	2.3	3	3	4	4	3	3	3	3	3	2	3	3	2	2	3	2	4	4	3	4	4	4	4	4	4	5	4.142857143	4	4	4	1	3	1	3	2.857142857	1	2	3	2	1	1	2	1	1	1	1	2	2	2	2	1	1.5625	2	7	3	5	5	7	7	6	7	4	7	7	7	6	7	6.8	2	3	5	5	4	3.8	7	4	5	7	7	4	7	7	7	5	4	6	7	7	4	6	6	7	6	7	5	5	5.909090909	6	7	7	6.666666667	3	0	7	30	NA
1	18	0	1	2	2	2	3	2	2	3	3	2	1	2.2	4	2	3	4	3	4	2	2	4	4	3.2	2	2	3	3	4	2	2	3	3	4	3	4	3	2	3	3	2	4	2.888888889	4	3	3	4	4	4	4	3.714285714	4	3	2	4	3	2	3	3	2	2	2	1	4	1	3	2	2	1	2	2	2	3	1	2	2	2	7	4	2	2	7	6	7	6	5	7	7	6	7	6	6.6	2	4	2	2	5	3	5	5	3	4	6	7	5	6	4	5	5	6	6	7	4	6	4	6	6	5	3	5	5.136363636	5	5	6	5.333333333	2	0	6	0	4.51848
1	18	0	1	2	3	2	2	2	2	4	3	2	2	2.4	4	3	4	4	4	4	2	3	2	2	3.2	4	4	3	4	3	3	3	2	2	4	4	4	3	3	4	3	4	4	3.388888889	4	5	2	5	5	4	4	4.142857143	4	4	4	3	4	3	4	3.714285714	2	2	1	1	1	1	1	3	1	1	1	1	1	2	2	1	1.375	5	7	2	2	4	7	5	5	5	5	7	7	5	5	5	5.8	5	2	2	4	5	3.6	6	5	3	7	7	6	7	7	6	7	4	3	7	7	7	7	6	7	6	7	7	7	6.181818182	4	6	6	5.333333333	4	0	6	0	3.018015
1	18	0	NA	2	2	2	1	2	1	3	2	2	4	2.1	1	1	1	2	1	2	1	1	1	2	1.3	2	2	2	3	2	1	2	2	4	4	3	3	2	2	4	2	4	5	2.722222222	4	5	4	4	4	4	4	4.142857143	5	4	4	2	4	3	4	3.714285714	3	3	2	1	2	1	1	1	1	1	1	2	2	1	1	2	1.5625	3	7	4	3	5	7	6	6	7	5	7	7	6	6	7	6.6	3	4	3	5	5	4	5	4	6	4	6	6	6	7	6	2	6	3	1	7	6	6	4	1	6	7	7	6	5.090909091	7	7	7	7	NA	NA	NA	NA	NA
1	18	1	0	2	3	2	2	2	2	4	3	3	2	2.5	4	3	4	5	4	4	2	3	3	4	3.6	4	2	5	4	4	4	4	4	5	4	3	4	4	4	4	4	4	5	4	4	5	4	4	5	5	4	4.428571429	5	4	4	5	4	4	4	4.285714286	1	1	3	1	2	2	3	1	1	1	1	1	1	1	1	1	1.375	2	7	5	5	5	7	5	6	5	2	7	7	5	6	5	6	2	5	5	5	2	3.8	6	6	5	6	3	5	5	6	5	5	5	3	5	6	3	6	5	5	5	5	5	4	4.954545455	2	6	6	4.666666667	6	0	6	60	NA
1	18	1	1	2	3	3	3	3	1	3	3	3	3	2.7	5	4	4	5	5	5	5	5	5	5	4.8	4	3	4	3	3	4	3	4	3	3	4	4	3	4	3	4	3	4	3.5	2	2	2	3	2	2	2	2.142857143	5	4	4	3	3	3	4	3.714285714	4	3	4	2	4	2	4	3	4	2	2	2	2	4	4	2	3	5	2	5	2	7	5	2	3	5	4	2	5	2	3	5	3.4	5	5	2	7	4	4.6	6	4	2	2	2	4	4	6	2	4	3	4	3	5	4	4	4	5	2	4	3	5	3.727272727	2	4	3	3	6	1	5	85	18.733759
1	19	1	NA	2	3	2	2	2	2	2	2	2	1	2	4	3	4	4	4	4	4	4	4	5	4	3	2	2	3	3	4	2	4	2	4	4	3	3	4	2	2	4	3	3	3	4	3	4	4	4	3	3.571428571	3	4	4	3	4	2	3	3.285714286	3	4	4	2	4	2	3	4	3	2	1	4	3	1	2	2	2.75	5	4	2	2	4	7	3	5	7	4	4	7	3	5	7	5.2	5	2	2	4	4	3.4	7	4	5	4	5	3	7	2	5	5	5	2	7	4	3	5	5	6	5	2	3	5	4.5	3	5	4	4	NA	NA	NA	NA	NA
1	20	1	1	1	1	1	4	2	1	2	3	3	1	1.9	2	3	2	3	3	4	2	1	2	4	2.6	2	1	1	2	2	2	4	2	3	3	3	3	2	3	2	1	3	4	2.388888889	4	3	3	4	4	3	3	3.428571429	5	4	4	3	4	2	3	3.571428571	1	2	3	2	3	1	2	2	1	2	2	2	1	2	1	2	1.8125	3	7	1	1	1	7	4	4	5	4	7	7	4	4	5	5.4	3	1	1	1	4	2	6	4	2	5	2	7	4	7	4	3	7	4	5	7	3	7	1	5	5	7	5	4	4.727272727	6	2	2	3.333333333	4	0	2	95	11.464392
1	18	0	1	1	2	2	3	1	1	2	1	2	1	1.6	4	1	3	2	3	4	2	1	2	3	2.5	3	2	4	4	4	3	3	4	3	3	2	3	1	2	2	3	3	4	2.944444444	4	4	4	4	5	4	5	4.285714286	4	4	4	4	4	3	3	3.714285714	2	2	2	1	2	2	1	2	2	2	1	3	1	2	1	1	1.6875	1	7	4	2	4	7	6	6	7	4	7	7	6	6	7	6.6	1	4	2	4	4	3	7	5	5	7	7	5	7	4	5	7	5	3	7	6	6	7	3	7	6	4	7	5	5.681818182	3	6	6	5	2	0	7	50	10.702474
1	21	1	1	1	5	5	1	1	1	3	5	1	1	2.4	5	1	1	1	4	5	3	1	5	5	3.1	5	4	5	2	2	3	5	4	4	5	5	5	4	5	4	4	5	5	4.222222222	5	3	5	1	5	3	5	3.857142857	5	5	5	4	5	5	5	4.857142857	1	1	4	4	1	2	1	2	1	1	1	1	1	4	2	1	1.75	1	7	1	1	1	7	7	7	7	1	7	7	7	7	7	7	1	1	1	1	1	1	2	2	1	6	7	7	7	7	7	6	5	3	4	7	4	7	4	7	4	7	3	5	5.090909091	4	7	7	6	2	0	5	0	14.289954
1	21	1	NA	1	2	2	2	1	1	5	4	4	1	2.3	3	2	4	5	4	4	1	1	1	3	2.8	4	3	4	3	3	3	3	5	3	4	4	5	4	3	3	4	5	5	3.777777778	5	5	5	2	5	3	5	4.285714286	5	5	5	5	5	5	5	5	3	1	3	1	1	1	1	2	2	1	1	1	1	4	1	2	1.625	6	7	1	1	1	7	5	5	5	1	7	7	5	5	5	5.8	6	1	1	1	1	2	7	6	2	6	4	6	7	6	6	5	4	3	7	7	5	6	6	7	6	6	6	7	5.681818182	7	7	6	6.666666667	NA	NA	NA	NA	NA
1	18	0	1	3	4	3	3	4	2	4	4	3	2	3.2	3	3	3	2	4	4	2	2	3	4	3	4	3	5	3	3	3	5	3	3	4	2	3	2	2	2	3	4	2	3.111111111	3	2	4	3	3	4	4	3.285714286	3	4	5	2	3	3	2	3.142857143	2	1	1	4	2	2	1	2	1	1	2	1	1	2	1	2	1.625	1	7	2	4	2	7	5	5	6	4	7	7	5	5	6	6	1	2	4	2	4	2.6	6	2	2	5	6	6	7	4	5	4	2	6	5	6	5	2	5	7	4	6	4	6	4.772727273	6	7	6	6.333333333	2	0	4	90	4.344782
1	22	0	1	2	2	2	2	2	1	2	2	1	2	1.8	5	4	4	5	5	5	4	4	5	5	4.6	4	3	5	4	3	2	4	2	5	4	4	5	3	4	4	3	5	4	3.777777778	2	4	4	3	4	2	2	3	5	4	4	3	4	3	2	3.571428571	2	1	3	2	3	2	3	3	1	2	4	1	1	4	2	3	2.3125	3	5	1	1	2	7	2	1	5	3	5	7	2	1	5	4	3	1	1	2	3	2	7	3	2	6	3	6	5	7	7	2	5	2	5	5	2	6	1	4	3	7	5	5	4.454545455	6	5	3	4.666666667	1	0	1	100	2.145915
1	19	0	NA	1	2	2	3	2	2	2	2	2	2	2	5	4	4	3	4	3	4	4	4	4	3.9	4	4	2	2	4	3	2	4	4	3	5	5	3	4	2	4	2	3	3.333333333	4	4	4	5	4	4	4	4.142857143	4	5	4	4	4	3	4	4	2	2	2	2	3	2	3	1	2	2	2	2	1	3	2	3	2.125	5	6	5	5	6	7	6	5	5	5	6	7	6	5	5	5.8	5	5	5	6	5	5.2	5	3	3	5	6	5	5	6	6	4	3	4	6	5	5	6	5	6	5	6	6	7	5.090909091	5	5	5	5	NA	NA	NA	NA	NA
1	18	0	1	3	3	2	2	1	1	3	2	2	2	2.1	4	2	3	4	4	5	3	1	4	3	3.3	2	3	4	3	4	3	4	2	2	3	3	4	2	3	2	3	3	4	3	4	4	3	4	4	4	3	3.714285714	4	4	4	4	4	3	4	3.857142857	2	2	2	1	3	2	2	3	1	2	1	2	1	3	1	2	1.875	2	7	4	4	4	7	5	6	5	2	7	7	5	6	5	6	2	4	4	4	2	3.2	6	2	4	6	7	6	6	7	7	7	5	6	7	7	3	5	7	7	6	4	6	7	5.818181818	4	6	7	5.666666667	2	0	3	80	12.45755
1	19	1	1	2	3	4	4	1	2	4	3	4	1	2.8	4	3	1	2	5	5	4	3	4	4	3.5	4	2	3	4	3	2	2	2	3	3	4	3	2	4	3	2	5	4	3.055555556	2	2	3	3	3	3	2	2.571428571	2	4	2	4	4	2	3	3	3	3	1	1	2	1	1	3	2	2	2	2	1	3	2	2	1.9375	1	5	4	4	3	3	4	3	5	2	5	3	4	3	5	4	1	4	4	3	2	2.8	2	3	4	3	2	3	3	6	2	5	5	2	5	6	4	5	3	5	3	2	2	6	3.681818182	2	5	5	4	1	0	1	100	4.844785
1	18	1	1	4	4	3	4	3	3	4	4	3	4	3.6	2	1	2	2	4	1	3	1	3	5	2.4	3	4	4	3	5	2	2	3	3	2	2	3	1	4	4	4	3	4	3.111111111	2	2	3	2	4	2	1	2.285714286	4	2	3	3	3	2	3	2.857142857	2	3	3	1	2	2	3	2	2	1	3	3	1	3	2	1	2.125	5	5	1	2	6	6	3	4	6	6	5	6	3	4	6	4.8	5	1	2	6	6	4	6	4	2	5	2	5	5	7	7	2	5	6	3	2	1	5	1	3	4	7	5	1	4	1	5	7	4.333333333	2	0	4	90	10.858654
1	19	0	1	3	4	4	3	3	3	3	4	4	2	3.3	2	2	1	3	3	3	3	1	2	4	2.4	3	2	3	4	4	2	4	3	4	4	3	4	2	3	3	4	3	4	3.277777778	4	4	4	4	5	5	4	4.285714286	5	4	4	4	4	3	4	4	2	2	2	1	2	1	1	1	1	1	1	2	1	1	1	1	1.3125	5	7	4	4	5	7	6	7	7	4	7	7	6	7	7	6.8	5	4	4	5	4	4.4	5	3	5	5	6	6	6	7	6	7	4	7	7	7	5	7	4	7	6	7	5	7	5.863636364	6	7	6	6.333333333	5	0	7	75	13.870245
1	20	1	1	3	4	1	5	4	2	5	2	2	1	2.9	2	2	1	1	2	4	1	3	4	1	2.1	4	2	5	3	4	3	3	4	2	3	4	4	2	3	2	2	4	4	3.222222222	4	5	4	4	4	4	4	4.142857143	5	4	5	4	4	2	4	4	1	1	2	1	2	1	2	2	2	1	1	1	1	3	1	2	1.5	6	1	1	1	1	7	7	6	7	7	1	7	7	6	7	5.6	6	1	1	1	7	3.2	3	5	1	3	6	3	4	7	6	2	5	6	7	6	5	7	5	6	6	3	5	4	4.772727273	6	7	3	5.333333333	7	0	7	100	20
1	21	0	1	3	3	2	3	2	2	3	2	3	2	2.5	2	1	2	2	2	2	2	1	2	2	1.8	3	4	4	4	4	4	4	3	4	3	4	4	3	3	2	4	3	2	3.444444444	3	3	3	3	3	3	3	3	3	3	3	3	3	3	3	3	1	1	2	1	1	1	3	2	1	1	1	1	1	1	1	2	1.3125	6	6	2	2	5	7	4	5	5	5	6	7	4	5	5	5.4	6	2	2	5	5	4	4	5	3	4	2	4	3	7	2	3	6	7	3	7	1	6	2	3	7	5	2	3	4.045454545	7	3	3	4.333333333	4	0	7	30	11.860915
1	18	0	1	3	3	2	2	3	1	3	4	2	2	2.5	4	1	3	4	2	4	4	2	4	3	3.1	3	4	4	4	4	2	3	3	2	4	4	4	2	2	2	2	3	4	3.111111111	4	4	4	4	4	4	3	3.857142857	3	4	4	2	4	3	3	3.285714286	2	2	4	1	3	1	1	2	1	1	2	1	1	3	1	1	1.6875	3	7	1	1	1	7	5	4	6	1	7	7	5	4	6	5.8	3	1	1	1	1	1.4	6	2	1	2	5	7	7	7	6	6	4	7	7	7	4	5	1	6	3	1	4	4	4.636363636	5	7	3	5	2	0	5	0	6.033088
2	18	0	0	1	3	3	1	2	1	3	4	3	1	2.2	3	2	1	4	4	5	3	1	3	5	3.1	NA	NA	NA	NA	NA	NA	NA	NA	NA	NA	NA	NA	NA	NA	NA	NA	NA	NA	NA	NA	NA	NA	NA	NA	NA	NA	NA	NA	NA	NA	NA	NA	NA	NA	NA	NA	NA	NA	NA	NA	NA	NA	NA	NA	NA	NA	NA	NA	NA	NA	NA	NA	NA	NA	NA	NA	NA	NA	NA	NA	NA	NA	NA	NA	NA	NA	NA	NA	NA	NA	NA	NA	NA	NA	NA	NA	NA	NA	NA	NA	NA	NA	NA	NA	NA	NA	NA	NA	NA	NA	NA	NA	NA	NA	NA	NA	NA	NA	NA	NA	NA	NA	NA	NA	NA	NA
2	18	0	0	1	1	1	1	1	1	1	1	1	4	1.3	1	1	1	4	1	1	1	1	1	4	1.6	NA	NA	NA	NA	NA	NA	NA	NA	NA	NA	NA	NA	NA	NA	NA	NA	NA	NA	NA	NA	NA	NA	NA	NA	NA	NA	NA	NA	NA	NA	NA	NA	NA	NA	NA	NA	NA	NA	NA	NA	NA	NA	NA	NA	NA	NA	NA	NA	NA	NA	NA	NA	NA	NA	NA	NA	NA	NA	NA	NA	NA	NA	NA	NA	NA	NA	NA	NA	NA	NA	NA	NA	NA	NA	NA	NA	NA	NA	NA	NA	NA	NA	NA	NA	NA	NA	NA	NA	NA	NA	NA	NA	NA	NA	NA	NA	NA	NA	NA	NA	NA	NA	NA	NA	NA	NA
2	18	0	1	1	3	3	3	1	2	3	3	3	2	2.4	4	3	3	3	4	4	3	3	3	4	3.4	NA	NA	NA	NA	NA	NA	NA	NA	NA	NA	NA	NA	NA	NA	NA	NA	NA	NA	NA	NA	NA	NA	NA	NA	NA	NA	NA	NA	NA	NA	NA	NA	NA	NA	NA	NA	NA	NA	NA	NA	NA	NA	NA	NA	NA	NA	NA	NA	NA	NA	NA	NA	NA	NA	NA	NA	NA	NA	NA	NA	NA	NA	NA	NA	NA	NA	NA	NA	NA	NA	NA	NA	NA	NA	NA	NA	NA	NA	NA	NA	NA	NA	NA	NA	NA	NA	NA	NA	NA	NA	NA	NA	NA	NA	NA	NA	NA	NA	NA	NA	NA	NA	NA	NA	NA	NA
2	18	0	1	1	3	3	2	2	2	4	3	2	2	2.4	5	3	3	4	4	4	2	3	4	4	3.6	NA	NA	NA	NA	NA	NA	NA	NA	NA	NA	NA	NA	NA	NA	NA	NA	NA	NA	NA	NA	NA	NA	NA	NA	NA	NA	NA	NA	NA	NA	NA	NA	NA	NA	NA	NA	NA	NA	NA	NA	NA	NA	NA	NA	NA	NA	NA	NA	NA	NA	NA	NA	NA	NA	NA	NA	NA	NA	NA	NA	NA	NA	NA	NA	NA	NA	NA	NA	NA	NA	NA	NA	NA	NA	NA	NA	NA	NA	NA	NA	NA	NA	NA	NA	NA	NA	NA	NA	NA	NA	NA	NA	NA	NA	NA	NA	NA	NA	NA	NA	NA	NA	NA	NA	NA	NA
2	18	0	0	3	3	3	3	3	3	3	3	3	3	3	3	3	3	3	3	3	3	3	3	3	3	NA	NA	NA	NA	NA	NA	NA	NA	NA	NA	NA	NA	NA	NA	NA	NA	NA	NA	NA	NA	NA	NA	NA	NA	NA	NA	NA	NA	NA	NA	NA	NA	NA	NA	NA	NA	NA	NA	NA	NA	NA	NA	NA	NA	NA	NA	NA	NA	NA	NA	NA	NA	NA	NA	NA	NA	NA	NA	NA	NA	NA	NA	NA	NA	NA	NA	NA	NA	NA	NA	NA	NA	NA	NA	NA	NA	NA	NA	NA	NA	NA	NA	NA	NA	NA	NA	NA	NA	NA	NA	NA	NA	NA	NA	NA	NA	NA	NA	NA	NA	NA	NA	NA	NA	NA	NA
2	20	0	0	2	2	2	4	3	1	4	2	2	2	2.4	4	2	4	1	4	5	2	4	4	5	3.5	NA	NA	NA	NA	NA	NA	NA	NA	NA	NA	NA	NA	NA	NA	NA	NA	NA	NA	NA	NA	NA	NA	NA	NA	NA	NA	NA	NA	NA	NA	NA	NA	NA	NA	NA	NA	NA	NA	NA	NA	NA	NA	NA	NA	NA	NA	NA	NA	NA	NA	NA	NA	NA	NA	NA	NA	NA	NA	NA	NA	NA	NA	NA	NA	NA	NA	NA	NA	NA	NA	NA	NA	NA	NA	NA	NA	NA	NA	NA	NA	NA	NA	NA	NA	NA	NA	NA	NA	NA	NA	NA	NA	NA	NA	NA	NA	NA	NA	NA	NA	NA	NA	NA	NA	NA	NA
2	19	0	0	2	1	1	2	2	2	2	1	1	1	1.5	2	1	1	3	1	1	1	1	1	3	1.5	NA	NA	NA	NA	NA	NA	NA	NA	NA	NA	NA	NA	NA	NA	NA	NA	NA	NA	NA	NA	NA	NA	NA	NA	NA	NA	NA	NA	NA	NA	NA	NA	NA	NA	NA	NA	NA	NA	NA	NA	NA	NA	NA	NA	NA	NA	NA	NA	NA	NA	NA	NA	NA	NA	NA	NA	NA	NA	NA	NA	NA	NA	NA	NA	NA	NA	NA	NA	NA	NA	NA	NA	NA	NA	NA	NA	NA	NA	NA	NA	NA	NA	NA	NA	NA	NA	NA	NA	NA	NA	NA	NA	NA	NA	NA	NA	NA	NA	NA	NA	NA	NA	NA	NA	NA	NA
2	19	0	1	3	3	3	2	3	1	3	4	2	2	2.6	3	3	3	4	4	4	3	2	3	4	3.3	NA	NA	NA	NA	NA	NA	NA	NA	NA	NA	NA	NA	NA	NA	NA	NA	NA	NA	NA	NA	NA	NA	NA	NA	NA	NA	NA	NA	NA	NA	NA	NA	NA	NA	NA	NA	NA	NA	NA	NA	NA	NA	NA	NA	NA	NA	NA	NA	NA	NA	NA	NA	NA	NA	NA	NA	NA	NA	NA	NA	NA	NA	NA	NA	NA	NA	NA	NA	NA	NA	NA	NA	NA	NA	NA	NA	NA	NA	NA	NA	NA	NA	NA	NA	NA	NA	NA	NA	NA	NA	NA	NA	NA	NA	NA	NA	NA	NA	NA	NA	NA	NA	NA	NA	NA	NA
2	18	0	1	1	2	2	1	1	1	3	2	1	2	1.6	4	4	2	2	4	5	3	3	4	3	3.4	NA	NA	NA	NA	NA	NA	NA	NA	NA	NA	NA	NA	NA	NA	NA	NA	NA	NA	NA	NA	NA	NA	NA	NA	NA	NA	NA	NA	NA	NA	NA	NA	NA	NA	NA	NA	NA	NA	NA	NA	NA	NA	NA	NA	NA	NA	NA	NA	NA	NA	NA	NA	NA	NA	NA	NA	NA	NA	NA	NA	NA	NA	NA	NA	NA	NA	NA	NA	NA	NA	NA	NA	NA	NA	NA	NA	NA	NA	NA	NA	NA	NA	NA	NA	NA	NA	NA	NA	NA	NA	NA	NA	NA	NA	NA	NA	NA	NA	NA	NA	NA	NA	NA	NA	NA	NA
2	18	0	1	2	4	2	4	4	2	4	2	2	2	2.8	4	4	2	4	4	4	2	4	2	4	3.4	NA	NA	NA	NA	NA	NA	NA	NA	NA	NA	NA	NA	NA	NA	NA	NA	NA	NA	NA	NA	NA	NA	NA	NA	NA	NA	NA	NA	NA	NA	NA	NA	NA	NA	NA	NA	NA	NA	NA	NA	NA	NA	NA	NA	NA	NA	NA	NA	NA	NA	NA	NA	NA	NA	NA	NA	NA	NA	NA	NA	NA	NA	NA	NA	NA	NA	NA	NA	NA	NA	NA	NA	NA	NA	NA	NA	NA	NA	NA	NA	NA	NA	NA	NA	NA	NA	NA	NA	NA	NA	NA	NA	NA	NA	NA	NA	NA	NA	NA	NA	NA	NA	NA	NA	NA	NA
2	18	0	0	3	3	3	1	1	1	5	3	1	3	2.4	5	1	3	1	5	5	1	1	1	4	2.7	NA	NA	NA	NA	NA	NA	NA	NA	NA	NA	NA	NA	NA	NA	NA	NA	NA	NA	NA	NA	NA	NA	NA	NA	NA	NA	NA	NA	NA	NA	NA	NA	NA	NA	NA	NA	NA	NA	NA	NA	NA	NA	NA	NA	NA	NA	NA	NA	NA	NA	NA	NA	NA	NA	NA	NA	NA	NA	NA	NA	NA	NA	NA	NA	NA	NA	NA	NA	NA	NA	NA	NA	NA	NA	NA	NA	NA	NA	NA	NA	NA	NA	NA	NA	NA	NA	NA	NA	NA	NA	NA	NA	NA	NA	NA	NA	NA	NA	NA	NA	NA	NA	NA	NA	NA	NA
2	18	0	1	2	3	1	4	4	2	2	3	2	1	2.4	5	1	1	3	4	4	4	1	3	3	2.9	NA	NA	NA	NA	NA	NA	NA	NA	NA	NA	NA	NA	NA	NA	NA	NA	NA	NA	NA	NA	NA	NA	NA	NA	NA	NA	NA	NA	NA	NA	NA	NA	NA	NA	NA	NA	NA	NA	NA	NA	NA	NA	NA	NA	NA	NA	NA	NA	NA	NA	NA	NA	NA	NA	NA	NA	NA	NA	NA	NA	NA	NA	NA	NA	NA	NA	NA	NA	NA	NA	NA	NA	NA	NA	NA	NA	NA	NA	NA	NA	NA	NA	NA	NA	NA	NA	NA	NA	NA	NA	NA	NA	NA	NA	NA	NA	NA	NA	NA	NA	NA	NA	NA	NA	NA	NA
2	18	0	1	2	3	2	2	2	2	3	2	2	2	2.2	4	3	4	4	4	4	3	4	4	4	3.8	NA	NA	NA	NA	NA	NA	NA	NA	NA	NA	NA	NA	NA	NA	NA	NA	NA	NA	NA	NA	NA	NA	NA	NA	NA	NA	NA	NA	NA	NA	NA	NA	NA	NA	NA	NA	NA	NA	NA	NA	NA	NA	NA	NA	NA	NA	NA	NA	NA	NA	NA	NA	NA	NA	NA	NA	NA	NA	NA	NA	NA	NA	NA	NA	NA	NA	NA	NA	NA	NA	NA	NA	NA	NA	NA	NA	NA	NA	NA	NA	NA	NA	NA	NA	NA	NA	NA	NA	NA	NA	NA	NA	NA	NA	NA	NA	NA	NA	NA	NA	NA	NA	NA	NA	NA	NA
2	18	0	0	1	2	2	3	2	1	1	2	2	1	1.7	2	1	1	3	1	4	2	1	1	2	1.8	NA	NA	NA	NA	NA	NA	NA	NA	NA	NA	NA	NA	NA	NA	NA	NA	NA	NA	NA	NA	NA	NA	NA	NA	NA	NA	NA	NA	NA	NA	NA	NA	NA	NA	NA	NA	NA	NA	NA	NA	NA	NA	NA	NA	NA	NA	NA	NA	NA	NA	NA	NA	NA	NA	NA	NA	NA	NA	NA	NA	NA	NA	NA	NA	NA	NA	NA	NA	NA	NA	NA	NA	NA	NA	NA	NA	NA	NA	NA	NA	NA	NA	NA	NA	NA	NA	NA	NA	NA	NA	NA	NA	NA	NA	NA	NA	NA	NA	NA	NA	NA	NA	NA	NA	NA	NA
2	23	1	1	1	4	1	3	2	1	4	2	2	1	2.1	4	1	2	1	4	5	3	2	4	4	3	NA	NA	NA	NA	NA	NA	NA	NA	NA	NA	NA	NA	NA	NA	NA	NA	NA	NA	NA	NA	NA	NA	NA	NA	NA	NA	NA	NA	NA	NA	NA	NA	NA	NA	NA	NA	NA	NA	NA	NA	NA	NA	NA	NA	NA	NA	NA	NA	NA	NA	NA	NA	NA	NA	NA	NA	NA	NA	NA	NA	NA	NA	NA	NA	NA	NA	NA	NA	NA	NA	NA	NA	NA	NA	NA	NA	NA	NA	NA	NA	NA	NA	NA	NA	NA	NA	NA	NA	NA	NA	NA	NA	NA	NA	NA	NA	NA	NA	NA	NA	NA	NA	NA	NA	NA	NA
2	20	0	1	2	5	3	2	2	3	4	3	2	3	2.9	4	2	3	3	4	4	2	2	5	4	3.3	NA	NA	NA	NA	NA	NA	NA	NA	NA	NA	NA	NA	NA	NA	NA	NA	NA	NA	NA	NA	NA	NA	NA	NA	NA	NA	NA	NA	NA	NA	NA	NA	NA	NA	NA	NA	NA	NA	NA	NA	NA	NA	NA	NA	NA	NA	NA	NA	NA	NA	NA	NA	NA	NA	NA	NA	NA	NA	NA	NA	NA	NA	NA	NA	NA	NA	NA	NA	NA	NA	NA	NA	NA	NA	NA	NA	NA	NA	NA	NA	NA	NA	NA	NA	NA	NA	NA	NA	NA	NA	NA	NA	NA	NA	NA	NA	NA	NA	NA	NA	NA	NA	NA	NA	NA	NA
2	18	0	0	2	1	4	1	1	3	1	1	3	1	1.8	1	2	1	5	3	3	2	1	1	3	2.2	NA	NA	NA	NA	NA	NA	NA	NA	NA	NA	NA	NA	NA	NA	NA	NA	NA	NA	NA	NA	NA	NA	NA	NA	NA	NA	NA	NA	NA	NA	NA	NA	NA	NA	NA	NA	NA	NA	NA	NA	NA	NA	NA	NA	NA	NA	NA	NA	NA	NA	NA	NA	NA	NA	NA	NA	NA	NA	NA	NA	NA	NA	NA	NA	NA	NA	NA	NA	NA	NA	NA	NA	NA	NA	NA	NA	NA	NA	NA	NA	NA	NA	NA	NA	NA	NA	NA	NA	NA	NA	NA	NA	NA	NA	NA	NA	NA	NA	NA	NA	NA	NA	NA	NA	NA	NA
2	18	0	0	3	5	2	2	3	1	4	5	2	5	3.2	3	1	2	2	3	5	1	1	4	1	2.3	NA	NA	NA	NA	NA	NA	NA	NA	NA	NA	NA	NA	NA	NA	NA	NA	NA	NA	NA	NA	NA	NA	NA	NA	NA	NA	NA	NA	NA	NA	NA	NA	NA	NA	NA	NA	NA	NA	NA	NA	NA	NA	NA	NA	NA	NA	NA	NA	NA	NA	NA	NA	NA	NA	NA	NA	NA	NA	NA	NA	NA	NA	NA	NA	NA	NA	NA	NA	NA	NA	NA	NA	NA	NA	NA	NA	NA	NA	NA	NA	NA	NA	NA	NA	NA	NA	NA	NA	NA	NA	NA	NA	NA	NA	NA	NA	NA	NA	NA	NA	NA	NA	NA	NA	NA	NA
2	19	0	1	3	3	3	3	4	2	3	3	3	3	3	3	3	2	3	3	3	2	2	3	3	2.7	NA	NA	NA	NA	NA	NA	NA	NA	NA	NA	NA	NA	NA	NA	NA	NA	NA	NA	NA	NA	NA	NA	NA	NA	NA	NA	NA	NA	NA	NA	NA	NA	NA	NA	NA	NA	NA	NA	NA	NA	NA	NA	NA	NA	NA	NA	NA	NA	NA	NA	NA	NA	NA	NA	NA	NA	NA	NA	NA	NA	NA	NA	NA	NA	NA	NA	NA	NA	NA	NA	NA	NA	NA	NA	NA	NA	NA	NA	NA	NA	NA	NA	NA	NA	NA	NA	NA	NA	NA	NA	NA	NA	NA	NA	NA	NA	NA	NA	NA	NA	NA	NA	NA	NA	NA	NA
2	18	0	1	1	3	2	2	4	1	1	2	2	1	1.9	5	2	4	4	2	5	1	2	1	5	3.1	NA	NA	NA	NA	NA	NA	NA	NA	NA	NA	NA	NA	NA	NA	NA	NA	NA	NA	NA	NA	NA	NA	NA	NA	NA	NA	NA	NA	NA	NA	NA	NA	NA	NA	NA	NA	NA	NA	NA	NA	NA	NA	NA	NA	NA	NA	NA	NA	NA	NA	NA	NA	NA	NA	NA	NA	NA	NA	NA	NA	NA	NA	NA	NA	NA	NA	NA	NA	NA	NA	NA	NA	NA	NA	NA	NA	NA	NA	NA	NA	NA	NA	NA	NA	NA	NA	NA	NA	NA	NA	NA	NA	NA	NA	NA	NA	NA	NA	NA	NA	NA	NA	NA	NA	NA	NA
2	19	1	1	2	3	2	2	2	2	2	1	3	1	2	1	1	1	4	4	5	3	1	3	5	2.8	NA	NA	NA	NA	NA	NA	NA	NA	NA	NA	NA	NA	NA	NA	NA	NA	NA	NA	NA	NA	NA	NA	NA	NA	NA	NA	NA	NA	NA	NA	NA	NA	NA	NA	NA	NA	NA	NA	NA	NA	NA	NA	NA	NA	NA	NA	NA	NA	NA	NA	NA	NA	NA	NA	NA	NA	NA	NA	NA	NA	NA	NA	NA	NA	NA	NA	NA	NA	NA	NA	NA	NA	NA	NA	NA	NA	NA	NA	NA	NA	NA	NA	NA	NA	NA	NA	NA	NA	NA	NA	NA	NA	NA	NA	NA	NA	NA	NA	NA	NA	NA	NA	NA	NA	NA	NA
2	18	0	0	2	3	3	2	1	1	2	2	2	1	1.9	4	3	3	4	5	5	4	2	4	5	3.9	NA	NA	NA	NA	NA	NA	NA	NA	NA	NA	NA	NA	NA	NA	NA	NA	NA	NA	NA	NA	NA	NA	NA	NA	NA	NA	NA	NA	NA	NA	NA	NA	NA	NA	NA	NA	NA	NA	NA	NA	NA	NA	NA	NA	NA	NA	NA	NA	NA	NA	NA	NA	NA	NA	NA	NA	NA	NA	NA	NA	NA	NA	NA	NA	NA	NA	NA	NA	NA	NA	NA	NA	NA	NA	NA	NA	NA	NA	NA	NA	NA	NA	NA	NA	NA	NA	NA	NA	NA	NA	NA	NA	NA	NA	NA	NA	NA	NA	NA	NA	NA	NA	NA	NA	NA	NA
2	18	0	1	2	4	4	2	1	1	4	2	2	2	2.4	4	2	2	4	5	5	2	4	4	4	3.6	NA	NA	NA	NA	NA	NA	NA	NA	NA	NA	NA	NA	NA	NA	NA	NA	NA	NA	NA	NA	NA	NA	NA	NA	NA	NA	NA	NA	NA	NA	NA	NA	NA	NA	NA	NA	NA	NA	NA	NA	NA	NA	NA	NA	NA	NA	NA	NA	NA	NA	NA	NA	NA	NA	NA	NA	NA	NA	NA	NA	NA	NA	NA	NA	NA	NA	NA	NA	NA	NA	NA	NA	NA	NA	NA	NA	NA	NA	NA	NA	NA	NA	NA	NA	NA	NA	NA	NA	NA	NA	NA	NA	NA	NA	NA	NA	NA	NA	NA	NA	NA	NA	NA	NA	NA	NA
2	18	0	1	2	2	2	2	2	2	2	3	2	4	2.3	2	2	3	3	3	2	2	2	2	4	2.5	NA	NA	NA	NA	NA	NA	NA	NA	NA	NA	NA	NA	NA	NA	NA	NA	NA	NA	NA	NA	NA	NA	NA	NA	NA	NA	NA	NA	NA	NA	NA	NA	NA	NA	NA	NA	NA	NA	NA	NA	NA	NA	NA	NA	NA	NA	NA	NA	NA	NA	NA	NA	NA	NA	NA	NA	NA	NA	NA	NA	NA	NA	NA	NA	NA	NA	NA	NA	NA	NA	NA	NA	NA	NA	NA	NA	NA	NA	NA	NA	NA	NA	NA	NA	NA	NA	NA	NA	NA	NA	NA	NA	NA	NA	NA	NA	NA	NA	NA	NA	NA	NA	NA	NA	NA	NA
2	18	0	1	3	3	3	3	3	2	3	3	2	3	2.8	1	1	1	1	1	3	1	1	2	3	1.5	NA	NA	NA	NA	NA	NA	NA	NA	NA	NA	NA	NA	NA	NA	NA	NA	NA	NA	NA	NA	NA	NA	NA	NA	NA	NA	NA	NA	NA	NA	NA	NA	NA	NA	NA	NA	NA	NA	NA	NA	NA	NA	NA	NA	NA	NA	NA	NA	NA	NA	NA	NA	NA	NA	NA	NA	NA	NA	NA	NA	NA	NA	NA	NA	NA	NA	NA	NA	NA	NA	NA	NA	NA	NA	NA	NA	NA	NA	NA	NA	NA	NA	NA	NA	NA	NA	NA	NA	NA	NA	NA	NA	NA	NA	NA	NA	NA	NA	NA	NA	NA	NA	NA	NA	NA	NA
2	21	1	1	2	3	3	2	2	1	4	3	1	2	2.3	5	1	1	5	5	5	3	1	5	5	3.6	NA	NA	NA	NA	NA	NA	NA	NA	NA	NA	NA	NA	NA	NA	NA	NA	NA	NA	NA	NA	NA	NA	NA	NA	NA	NA	NA	NA	NA	NA	NA	NA	NA	NA	NA	NA	NA	NA	NA	NA	NA	NA	NA	NA	NA	NA	NA	NA	NA	NA	NA	NA	NA	NA	NA	NA	NA	NA	NA	NA	NA	NA	NA	NA	NA	NA	NA	NA	NA	NA	NA	NA	NA	NA	NA	NA	NA	NA	NA	NA	NA	NA	NA	NA	NA	NA	NA	NA	NA	NA	NA	NA	NA	NA	NA	NA	NA	NA	NA	NA	NA	NA	NA	NA	NA	NA
2	18	0	1	1	1	4	2	2	1	2	5	1	1	2	4	1	1	1	4	5	4	1	4	1	2.6	NA	NA	NA	NA	NA	NA	NA	NA	NA	NA	NA	NA	NA	NA	NA	NA	NA	NA	NA	NA	NA	NA	NA	NA	NA	NA	NA	NA	NA	NA	NA	NA	NA	NA	NA	NA	NA	NA	NA	NA	NA	NA	NA	NA	NA	NA	NA	NA	NA	NA	NA	NA	NA	NA	NA	NA	NA	NA	NA	NA	NA	NA	NA	NA	NA	NA	NA	NA	NA	NA	NA	NA	NA	NA	NA	NA	NA	NA	NA	NA	NA	NA	NA	NA	NA	NA	NA	NA	NA	NA	NA	NA	NA	NA	NA	NA	NA	NA	NA	NA	NA	NA	NA	NA	NA	NA
2	19	0	0	5	3	3	2	1	1	5	3	4	1	2.8	4	2	3	4	5	4	3	3	4	3	3.5	NA	NA	NA	NA	NA	NA	NA	NA	NA	NA	NA	NA	NA	NA	NA	NA	NA	NA	NA	NA	NA	NA	NA	NA	NA	NA	NA	NA	NA	NA	NA	NA	NA	NA	NA	NA	NA	NA	NA	NA	NA	NA	NA	NA	NA	NA	NA	NA	NA	NA	NA	NA	NA	NA	NA	NA	NA	NA	NA	NA	NA	NA	NA	NA	NA	NA	NA	NA	NA	NA	NA	NA	NA	NA	NA	NA	NA	NA	NA	NA	NA	NA	NA	NA	NA	NA	NA	NA	NA	NA	NA	NA	NA	NA	NA	NA	NA	NA	NA	NA	NA	NA	NA	NA	NA	NA
2	18	0	1	2	3	3	2	4	2	3	3	4	2	2.8	4	1	2	4	2	4	1	1	2	4	2.5	NA	NA	NA	NA	NA	NA	NA	NA	NA	NA	NA	NA	NA	NA	NA	NA	NA	NA	NA	NA	NA	NA	NA	NA	NA	NA	NA	NA	NA	NA	NA	NA	NA	NA	NA	NA	NA	NA	NA	NA	NA	NA	NA	NA	NA	NA	NA	NA	NA	NA	NA	NA	NA	NA	NA	NA	NA	NA	NA	NA	NA	NA	NA	NA	NA	NA	NA	NA	NA	NA	NA	NA	NA	NA	NA	NA	NA	NA	NA	NA	NA	NA	NA	NA	NA	NA	NA	NA	NA	NA	NA	NA	NA	NA	NA	NA	NA	NA	NA	NA	NA	NA	NA	NA	NA	NA
2	18	0	1	4	3	3	3	2	3	3	3	3	2	2.9	2	3	4	3	3	3	3	4	2	4	3.1	NA	NA	NA	NA	NA	NA	NA	NA	NA	NA	NA	NA	NA	NA	NA	NA	NA	NA	NA	NA	NA	NA	NA	NA	NA	NA	NA	NA	NA	NA	NA	NA	NA	NA	NA	NA	NA	NA	NA	NA	NA	NA	NA	NA	NA	NA	NA	NA	NA	NA	NA	NA	NA	NA	NA	NA	NA	NA	NA	NA	NA	NA	NA	NA	NA	NA	NA	NA	NA	NA	NA	NA	NA	NA	NA	NA	NA	NA	NA	NA	NA	NA	NA	NA	NA	NA	NA	NA	NA	NA	NA	NA	NA	NA	NA	NA	NA	NA	NA	NA	NA	NA	NA	NA	NA	NA
2	18	0	1	2	1	1	1	1	1	4	2	2	1	1.6	1	1	1	1	5	5	2	1	5	2	2.4	NA	NA	NA	NA	NA	NA	NA	NA	NA	NA	NA	NA	NA	NA	NA	NA	NA	NA	NA	NA	NA	NA	NA	NA	NA	NA	NA	NA	NA	NA	NA	NA	NA	NA	NA	NA	NA	NA	NA	NA	NA	NA	NA	NA	NA	NA	NA	NA	NA	NA	NA	NA	NA	NA	NA	NA	NA	NA	NA	NA	NA	NA	NA	NA	NA	NA	NA	NA	NA	NA	NA	NA	NA	NA	NA	NA	NA	NA	NA	NA	NA	NA	NA	NA	NA	NA	NA	NA	NA	NA	NA	NA	NA	NA	NA	NA	NA	NA	NA	NA	NA	NA	NA	NA	NA	NA
2	18	0	1	3	1	2	2	2	1	2	2	1	2	1.8	4	1	3	4	2	4	2	2	2	3	2.7	NA	NA	NA	NA	NA	NA	NA	NA	NA	NA	NA	NA	NA	NA	NA	NA	NA	NA	NA	NA	NA	NA	NA	NA	NA	NA	NA	NA	NA	NA	NA	NA	NA	NA	NA	NA	NA	NA	NA	NA	NA	NA	NA	NA	NA	NA	NA	NA	NA	NA	NA	NA	NA	NA	NA	NA	NA	NA	NA	NA	NA	NA	NA	NA	NA	NA	NA	NA	NA	NA	NA	NA	NA	NA	NA	NA	NA	NA	NA	NA	NA	NA	NA	NA	NA	NA	NA	NA	NA	NA	NA	NA	NA	NA	NA	NA	NA	NA	NA	NA	NA	NA	NA	NA	NA	NA
2	19	0	0	5	5	5	5	5	5	5	5	5	5	5	1	1	1	1	1	1	1	1	1	1	1	NA	NA	NA	NA	NA	NA	NA	NA	NA	NA	NA	NA	NA	NA	NA	NA	NA	NA	NA	NA	NA	NA	NA	NA	NA	NA	NA	NA	NA	NA	NA	NA	NA	NA	NA	NA	NA	NA	NA	NA	NA	NA	NA	NA	NA	NA	NA	NA	NA	NA	NA	NA	NA	NA	NA	NA	NA	NA	NA	NA	NA	NA	NA	NA	NA	NA	NA	NA	NA	NA	NA	NA	NA	NA	NA	NA	NA	NA	NA	NA	NA	NA	NA	NA	NA	NA	NA	NA	NA	NA	NA	NA	NA	NA	NA	NA	NA	NA	NA	NA	NA	NA	NA	NA	NA	NA
2	19	0	1	3	3	3	3	3	2	3	3	3	2	2.8	3	3	4	3	3	4	3	4	4	4	3.5	NA	NA	NA	NA	NA	NA	NA	NA	NA	NA	NA	NA	NA	NA	NA	NA	NA	NA	NA	NA	NA	NA	NA	NA	NA	NA	NA	NA	NA	NA	NA	NA	NA	NA	NA	NA	NA	NA	NA	NA	NA	NA	NA	NA	NA	NA	NA	NA	NA	NA	NA	NA	NA	NA	NA	NA	NA	NA	NA	NA	NA	NA	NA	NA	NA	NA	NA	NA	NA	NA	NA	NA	NA	NA	NA	NA	NA	NA	NA	NA	NA	NA	NA	NA	NA	NA	NA	NA	NA	NA	NA	NA	NA	NA	NA	NA	NA	NA	NA	NA	NA	NA	NA	NA	NA	NA
2	18	0	1	2	2	2	1	2	1	3	2	2	1	1.8	4	4	4	5	4	5	3	4	4	5	4.2	NA	NA	NA	NA	NA	NA	NA	NA	NA	NA	NA	NA	NA	NA	NA	NA	NA	NA	NA	NA	NA	NA	NA	NA	NA	NA	NA	NA	NA	NA	NA	NA	NA	NA	NA	NA	NA	NA	NA	NA	NA	NA	NA	NA	NA	NA	NA	NA	NA	NA	NA	NA	NA	NA	NA	NA	NA	NA	NA	NA	NA	NA	NA	NA	NA	NA	NA	NA	NA	NA	NA	NA	NA	NA	NA	NA	NA	NA	NA	NA	NA	NA	NA	NA	NA	NA	NA	NA	NA	NA	NA	NA	NA	NA	NA	NA	NA	NA	NA	NA	NA	NA	NA	NA	NA	NA
2	18	0	1	3	4	3	2	2	2	1	3	1	1	2.2	5	1	1	4	4	4	1	1	1	5	2.7	NA	NA	NA	NA	NA	NA	NA	NA	NA	NA	NA	NA	NA	NA	NA	NA	NA	NA	NA	NA	NA	NA	NA	NA	NA	NA	NA	NA	NA	NA	NA	NA	NA	NA	NA	NA	NA	NA	NA	NA	NA	NA	NA	NA	NA	NA	NA	NA	NA	NA	NA	NA	NA	NA	NA	NA	NA	NA	NA	NA	NA	NA	NA	NA	NA	NA	NA	NA	NA	NA	NA	NA	NA	NA	NA	NA	NA	NA	NA	NA	NA	NA	NA	NA	NA	NA	NA	NA	NA	NA	NA	NA	NA	NA	NA	NA	NA	NA	NA	NA	NA	NA	NA	NA	NA	NA
2	18	0	1	3	3	3	3	3	2	2	3	3	3	2.8	3	3	3	3	3	4	4	3	3	3	3.2	NA	NA	NA	NA	NA	NA	NA	NA	NA	NA	NA	NA	NA	NA	NA	NA	NA	NA	NA	NA	NA	NA	NA	NA	NA	NA	NA	NA	NA	NA	NA	NA	NA	NA	NA	NA	NA	NA	NA	NA	NA	NA	NA	NA	NA	NA	NA	NA	NA	NA	NA	NA	NA	NA	NA	NA	NA	NA	NA	NA	NA	NA	NA	NA	NA	NA	NA	NA	NA	NA	NA	NA	NA	NA	NA	NA	NA	NA	NA	NA	NA	NA	NA	NA	NA	NA	NA	NA	NA	NA	NA	NA	NA	NA	NA	NA	NA	NA	NA	NA	NA	NA	NA	NA	NA	NA
2	21	0	1	2	2	2	2	2	2	2	2	2	2	2	4	2	4	4	2	4	2	4	4	3	3.3	NA	NA	NA	NA	NA	NA	NA	NA	NA	NA	NA	NA	NA	NA	NA	NA	NA	NA	NA	NA	NA	NA	NA	NA	NA	NA	NA	NA	NA	NA	NA	NA	NA	NA	NA	NA	NA	NA	NA	NA	NA	NA	NA	NA	NA	NA	NA	NA	NA	NA	NA	NA	NA	NA	NA	NA	NA	NA	NA	NA	NA	NA	NA	NA	NA	NA	NA	NA	NA	NA	NA	NA	NA	NA	NA	NA	NA	NA	NA	NA	NA	NA	NA	NA	NA	NA	NA	NA	NA	NA	NA	NA	NA	NA	NA	NA	NA	NA	NA	NA	NA	NA	NA	NA	NA	NA
2	18	0	1	2	3	3	2	2	4	3	3	3	2	2.7	4	3	3	4	4	3	2	3	4	4	3.4	NA	NA	NA	NA	NA	NA	NA	NA	NA	NA	NA	NA	NA	NA	NA	NA	NA	NA	NA	NA	NA	NA	NA	NA	NA	NA	NA	NA	NA	NA	NA	NA	NA	NA	NA	NA	NA	NA	NA	NA	NA	NA	NA	NA	NA	NA	NA	NA	NA	NA	NA	NA	NA	NA	NA	NA	NA	NA	NA	NA	NA	NA	NA	NA	NA	NA	NA	NA	NA	NA	NA	NA	NA	NA	NA	NA	NA	NA	NA	NA	NA	NA	NA	NA	NA	NA	NA	NA	NA	NA	NA	NA	NA	NA	NA	NA	NA	NA	NA	NA	NA	NA	NA	NA	NA	NA
2	18	0	1	4	2	3	3	3	3	3	4	3	3	3.1	4	2	2	3	3	4	3	2	3	4	3	NA	NA	NA	NA	NA	NA	NA	NA	NA	NA	NA	NA	NA	NA	NA	NA	NA	NA	NA	NA	NA	NA	NA	NA	NA	NA	NA	NA	NA	NA	NA	NA	NA	NA	NA	NA	NA	NA	NA	NA	NA	NA	NA	NA	NA	NA	NA	NA	NA	NA	NA	NA	NA	NA	NA	NA	NA	NA	NA	NA	NA	NA	NA	NA	NA	NA	NA	NA	NA	NA	NA	NA	NA	NA	NA	NA	NA	NA	NA	NA	NA	NA	NA	NA	NA	NA	NA	NA	NA	NA	NA	NA	NA	NA	NA	NA	NA	NA	NA	NA	NA	NA	NA	NA	NA	NA
2	23	1	1	3	3	2	3	2	2	3	2	3	2	2.5	4	3	2	4	4	4	3	1	2	4	3.1	NA	NA	NA	NA	NA	NA	NA	NA	NA	NA	NA	NA	NA	NA	NA	NA	NA	NA	NA	NA	NA	NA	NA	NA	NA	NA	NA	NA	NA	NA	NA	NA	NA	NA	NA	NA	NA	NA	NA	NA	NA	NA	NA	NA	NA	NA	NA	NA	NA	NA	NA	NA	NA	NA	NA	NA	NA	NA	NA	NA	NA	NA	NA	NA	NA	NA	NA	NA	NA	NA	NA	NA	NA	NA	NA	NA	NA	NA	NA	NA	NA	NA	NA	NA	NA	NA	NA	NA	NA	NA	NA	NA	NA	NA	NA	NA	NA	NA	NA	NA	NA	NA	NA	NA	NA	NA
2	18	0	1	1	1	2	3	1	1	2	1	1	1	1.4	2	1	1	3	2	3	2	1	1	4	2	NA	NA	NA	NA	NA	NA	NA	NA	NA	NA	NA	NA	NA	NA	NA	NA	NA	NA	NA	NA	NA	NA	NA	NA	NA	NA	NA	NA	NA	NA	NA	NA	NA	NA	NA	NA	NA	NA	NA	NA	NA	NA	NA	NA	NA	NA	NA	NA	NA	NA	NA	NA	NA	NA	NA	NA	NA	NA	NA	NA	NA	NA	NA	NA	NA	NA	NA	NA	NA	NA	NA	NA	NA	NA	NA	NA	NA	NA	NA	NA	NA	NA	NA	NA	NA	NA	NA	NA	NA	NA	NA	NA	NA	NA	NA	NA	NA	NA	NA	NA	NA	NA	NA	NA	NA	NA
2	19	0	1	1	3	2	1	2	4	1	2	2	4	2.2	4	3	4	5	3	4	1	4	4	4	3.6	NA	NA	NA	NA	NA	NA	NA	NA	NA	NA	NA	NA	NA	NA	NA	NA	NA	NA	NA	NA	NA	NA	NA	NA	NA	NA	NA	NA	NA	NA	NA	NA	NA	NA	NA	NA	NA	NA	NA	NA	NA	NA	NA	NA	NA	NA	NA	NA	NA	NA	NA	NA	NA	NA	NA	NA	NA	NA	NA	NA	NA	NA	NA	NA	NA	NA	NA	NA	NA	NA	NA	NA	NA	NA	NA	NA	NA	NA	NA	NA	NA	NA	NA	NA	NA	NA	NA	NA	NA	NA	NA	NA	NA	NA	NA	NA	NA	NA	NA	NA	NA	NA	NA	NA	NA	NA
2	18	0	1	3	2	2	3	3	2	3	2	3	3	2.6	4	2	3	4	4	4	3	2	2	4	3.2	NA	NA	NA	NA	NA	NA	NA	NA	NA	NA	NA	NA	NA	NA	NA	NA	NA	NA	NA	NA	NA	NA	NA	NA	NA	NA	NA	NA	NA	NA	NA	NA	NA	NA	NA	NA	NA	NA	NA	NA	NA	NA	NA	NA	NA	NA	NA	NA	NA	NA	NA	NA	NA	NA	NA	NA	NA	NA	NA	NA	NA	NA	NA	NA	NA	NA	NA	NA	NA	NA	NA	NA	NA	NA	NA	NA	NA	NA	NA	NA	NA	NA	NA	NA	NA	NA	NA	NA	NA	NA	NA	NA	NA	NA	NA	NA	NA	NA	NA	NA	NA	NA	NA	NA	NA	NA
2	19	1	0	2	2	2	2	2	3	2	2	1	2	2	4	2	2	2	2	3	2	2	1	2	2.2	NA	NA	NA	NA	NA	NA	NA	NA	NA	NA	NA	NA	NA	NA	NA	NA	NA	NA	NA	NA	NA	NA	NA	NA	NA	NA	NA	NA	NA	NA	NA	NA	NA	NA	NA	NA	NA	NA	NA	NA	NA	NA	NA	NA	NA	NA	NA	NA	NA	NA	NA	NA	NA	NA	NA	NA	NA	NA	NA	NA	NA	NA	NA	NA	NA	NA	NA	NA	NA	NA	NA	NA	NA	NA	NA	NA	NA	NA	NA	NA	NA	NA	NA	NA	NA	NA	NA	NA	NA	NA	NA	NA	NA	NA	NA	NA	NA	NA	NA	NA	NA	NA	NA	NA	NA	NA
2	19	1	0	2	4	2	4	2	1	3	3	3	1	2.5	4	4	5	4	4	4	3	3	2	5	3.8	NA	NA	NA	NA	NA	NA	NA	NA	NA	NA	NA	NA	NA	NA	NA	NA	NA	NA	NA	NA	NA	NA	NA	NA	NA	NA	NA	NA	NA	NA	NA	NA	NA	NA	NA	NA	NA	NA	NA	NA	NA	NA	NA	NA	NA	NA	NA	NA	NA	NA	NA	NA	NA	NA	NA	NA	NA	NA	NA	NA	NA	NA	NA	NA	NA	NA	NA	NA	NA	NA	NA	NA	NA	NA	NA	NA	NA	NA	NA	NA	NA	NA	NA	NA	NA	NA	NA	NA	NA	NA	NA	NA	NA	NA	NA	NA	NA	NA	NA	NA	NA	NA	NA	NA	NA	NA
2	19	0	0	2	3	3	2	2	3	3	2	3	2	2.5	4	3	3	4	4	3	3	4	3	4	3.5	NA	NA	NA	NA	NA	NA	NA	NA	NA	NA	NA	NA	NA	NA	NA	NA	NA	NA	NA	NA	NA	NA	NA	NA	NA	NA	NA	NA	NA	NA	NA	NA	NA	NA	NA	NA	NA	NA	NA	NA	NA	NA	NA	NA	NA	NA	NA	NA	NA	NA	NA	NA	NA	NA	NA	NA	NA	NA	NA	NA	NA	NA	NA	NA	NA	NA	NA	NA	NA	NA	NA	NA	NA	NA	NA	NA	NA	NA	NA	NA	NA	NA	NA	NA	NA	NA	NA	NA	NA	NA	NA	NA	NA	NA	NA	NA	NA	NA	NA	NA	NA	NA	NA	NA	NA	NA
2	18	0	1	1	3	2	1	2	1	3	2	2	2	1.9	5	4	4	4	4	5	3	4	4	4	4.1	NA	NA	NA	NA	NA	NA	NA	NA	NA	NA	NA	NA	NA	NA	NA	NA	NA	NA	NA	NA	NA	NA	NA	NA	NA	NA	NA	NA	NA	NA	NA	NA	NA	NA	NA	NA	NA	NA	NA	NA	NA	NA	NA	NA	NA	NA	NA	NA	NA	NA	NA	NA	NA	NA	NA	NA	NA	NA	NA	NA	NA	NA	NA	NA	NA	NA	NA	NA	NA	NA	NA	NA	NA	NA	NA	NA	NA	NA	NA	NA	NA	NA	NA	NA	NA	NA	NA	NA	NA	NA	NA	NA	NA	NA	NA	NA	NA	NA	NA	NA	NA	NA	NA	NA	NA	NA
2	18	1	1	2	2	2	3	3	2	2	3	2	2	2.3	4	3	3	4	4	5	2	4	3	4	3.6	NA	NA	NA	NA	NA	NA	NA	NA	NA	NA	NA	NA	NA	NA	NA	NA	NA	NA	NA	NA	NA	NA	NA	NA	NA	NA	NA	NA	NA	NA	NA	NA	NA	NA	NA	NA	NA	NA	NA	NA	NA	NA	NA	NA	NA	NA	NA	NA	NA	NA	NA	NA	NA	NA	NA	NA	NA	NA	NA	NA	NA	NA	NA	NA	NA	NA	NA	NA	NA	NA	NA	NA	NA	NA	NA	NA	NA	NA	NA	NA	NA	NA	NA	NA	NA	NA	NA	NA	NA	NA	NA	NA	NA	NA	NA	NA	NA	NA	NA	NA	NA	NA	NA	NA	NA	NA
2	17	0	1	5	4	4	4	4	1	3	4	4	3	3.6	3	1	1	2	3	4	1	1	2	2	2	NA	NA	NA	NA	NA	NA	NA	NA	NA	NA	NA	NA	NA	NA	NA	NA	NA	NA	NA	NA	NA	NA	NA	NA	NA	NA	NA	NA	NA	NA	NA	NA	NA	NA	NA	NA	NA	NA	NA	NA	NA	NA	NA	NA	NA	NA	NA	NA	NA	NA	NA	NA	NA	NA	NA	NA	NA	NA	NA	NA	NA	NA	NA	NA	NA	NA	NA	NA	NA	NA	NA	NA	NA	NA	NA	NA	NA	NA	NA	NA	NA	NA	NA	NA	NA	NA	NA	NA	NA	NA	NA	NA	NA	NA	NA	NA	NA	NA	NA	NA	NA	NA	NA	NA	NA	NA
2	17	0	0	2	3	3	2	3	2	2	4	2	3	2.6	4	3	3	4	4	4	2	2	2	3	3.1	NA	NA	NA	NA	NA	NA	NA	NA	NA	NA	NA	NA	NA	NA	NA	NA	NA	NA	NA	NA	NA	NA	NA	NA	NA	NA	NA	NA	NA	NA	NA	NA	NA	NA	NA	NA	NA	NA	NA	NA	NA	NA	NA	NA	NA	NA	NA	NA	NA	NA	NA	NA	NA	NA	NA	NA	NA	NA	NA	NA	NA	NA	NA	NA	NA	NA	NA	NA	NA	NA	NA	NA	NA	NA	NA	NA	NA	NA	NA	NA	NA	NA	NA	NA	NA	NA	NA	NA	NA	NA	NA	NA	NA	NA	NA	NA	NA	NA	NA	NA	NA	NA	NA	NA	NA	NA
2	18	0	1	1	3	2	2	2	3	2	3	3	1	2.2	4	2	2	2	2	3	2	3	3	3	2.6	NA	NA	NA	NA	NA	NA	NA	NA	NA	NA	NA	NA	NA	NA	NA	NA	NA	NA	NA	NA	NA	NA	NA	NA	NA	NA	NA	NA	NA	NA	NA	NA	NA	NA	NA	NA	NA	NA	NA	NA	NA	NA	NA	NA	NA	NA	NA	NA	NA	NA	NA	NA	NA	NA	NA	NA	NA	NA	NA	NA	NA	NA	NA	NA	NA	NA	NA	NA	NA	NA	NA	NA	NA	NA	NA	NA	NA	NA	NA	NA	NA	NA	NA	NA	NA	NA	NA	NA	NA	NA	NA	NA	NA	NA	NA	NA	NA	NA	NA	NA	NA	NA	NA	NA	NA	NA
2	18	1	1	2	2	2	2	2	2	2	2	3	2	2.1	4	4	4	2	4	4	4	2	3	4	3.5	NA	NA	NA	NA	NA	NA	NA	NA	NA	NA	NA	NA	NA	NA	NA	NA	NA	NA	NA	NA	NA	NA	NA	NA	NA	NA	NA	NA	NA	NA	NA	NA	NA	NA	NA	NA	NA	NA	NA	NA	NA	NA	NA	NA	NA	NA	NA	NA	NA	NA	NA	NA	NA	NA	NA	NA	NA	NA	NA	NA	NA	NA	NA	NA	NA	NA	NA	NA	NA	NA	NA	NA	NA	NA	NA	NA	NA	NA	NA	NA	NA	NA	NA	NA	NA	NA	NA	NA	NA	NA	NA	NA	NA	NA	NA	NA	NA	NA	NA	NA	NA	NA	NA	NA	NA	NA
2	18	0	1	2	1	1	1	1	1	1	1	1	1	1.1	1	1	1	1	3	2	1	1	1	1	1.3	NA	NA	NA	NA	NA	NA	NA	NA	NA	NA	NA	NA	NA	NA	NA	NA	NA	NA	NA	NA	NA	NA	NA	NA	NA	NA	NA	NA	NA	NA	NA	NA	NA	NA	NA	NA	NA	NA	NA	NA	NA	NA	NA	NA	NA	NA	NA	NA	NA	NA	NA	NA	NA	NA	NA	NA	NA	NA	NA	NA	NA	NA	NA	NA	NA	NA	NA	NA	NA	NA	NA	NA	NA	NA	NA	NA	NA	NA	NA	NA	NA	NA	NA	NA	NA	NA	NA	NA	NA	NA	NA	NA	NA	NA	NA	NA	NA	NA	NA	NA	NA	NA	NA	NA	NA	NA
2	21	1	1	3	3	3	2	3	2	3	3	3	2	2.7	3	2	2	2	2	3	2	1	2	2	2.1	NA	NA	NA	NA	NA	NA	NA	NA	NA	NA	NA	NA	NA	NA	NA	NA	NA	NA	NA	NA	NA	NA	NA	NA	NA	NA	NA	NA	NA	NA	NA	NA	NA	NA	NA	NA	NA	NA	NA	NA	NA	NA	NA	NA	NA	NA	NA	NA	NA	NA	NA	NA	NA	NA	NA	NA	NA	NA	NA	NA	NA	NA	NA	NA	NA	NA	NA	NA	NA	NA	NA	NA	NA	NA	NA	NA	NA	NA	NA	NA	NA	NA	NA	NA	NA	NA	NA	NA	NA	NA	NA	NA	NA	NA	NA	NA	NA	NA	NA	NA	NA	NA	NA	NA	NA	NA
2	20	1	1	3	2	2	2	3	1	3	3	3	3	2.5	4	4	4	4	4	5	3	4	4	4	4	NA	NA	NA	NA	NA	NA	NA	NA	NA	NA	NA	NA	NA	NA	NA	NA	NA	NA	NA	NA	NA	NA	NA	NA	NA	NA	NA	NA	NA	NA	NA	NA	NA	NA	NA	NA	NA	NA	NA	NA	NA	NA	NA	NA	NA	NA	NA	NA	NA	NA	NA	NA	NA	NA	NA	NA	NA	NA	NA	NA	NA	NA	NA	NA	NA	NA	NA	NA	NA	NA	NA	NA	NA	NA	NA	NA	NA	NA	NA	NA	NA	NA	NA	NA	NA	NA	NA	NA	NA	NA	NA	NA	NA	NA	NA	NA	NA	NA	NA	NA	NA	NA	NA	NA	NA	NA
2	20	0	1	1	2	3	1	3	3	2	3	3	2	2.3	5	4	4	5	4	3	4	4	3	5	4.1	NA	NA	NA	NA	NA	NA	NA	NA	NA	NA	NA	NA	NA	NA	NA	NA	NA	NA	NA	NA	NA	NA	NA	NA	NA	NA	NA	NA	NA	NA	NA	NA	NA	NA	NA	NA	NA	NA	NA	NA	NA	NA	NA	NA	NA	NA	NA	NA	NA	NA	NA	NA	NA	NA	NA	NA	NA	NA	NA	NA	NA	NA	NA	NA	NA	NA	NA	NA	NA	NA	NA	NA	NA	NA	NA	NA	NA	NA	NA	NA	NA	NA	NA	NA	NA	NA	NA	NA	NA	NA	NA	NA	NA	NA	NA	NA	NA	NA	NA	NA	NA	NA	NA	NA	NA	NA
2	19	1	1	2	3	1	2	2	1	3	4	2	2	2.2	3	1	1	2	1	3	1	1	2	2	1.7	NA	NA	NA	NA	NA	NA	NA	NA	NA	NA	NA	NA	NA	NA	NA	NA	NA	NA	NA	NA	NA	NA	NA	NA	NA	NA	NA	NA	NA	NA	NA	NA	NA	NA	NA	NA	NA	NA	NA	NA	NA	NA	NA	NA	NA	NA	NA	NA	NA	NA	NA	NA	NA	NA	NA	NA	NA	NA	NA	NA	NA	NA	NA	NA	NA	NA	NA	NA	NA	NA	NA	NA	NA	NA	NA	NA	NA	NA	NA	NA	NA	NA	NA	NA	NA	NA	NA	NA	NA	NA	NA	NA	NA	NA	NA	NA	NA	NA	NA	NA	NA	NA	NA	NA	NA	NA
2	19	0	1	1	3	1	2	3	1	2	3	3	1	2	5	3	2	4	4	5	4	3	4	5	3.9	NA	NA	NA	NA	NA	NA	NA	NA	NA	NA	NA	NA	NA	NA	NA	NA	NA	NA	NA	NA	NA	NA	NA	NA	NA	NA	NA	NA	NA	NA	NA	NA	NA	NA	NA	NA	NA	NA	NA	NA	NA	NA	NA	NA	NA	NA	NA	NA	NA	NA	NA	NA	NA	NA	NA	NA	NA	NA	NA	NA	NA	NA	NA	NA	NA	NA	NA	NA	NA	NA	NA	NA	NA	NA	NA	NA	NA	NA	NA	NA	NA	NA	NA	NA	NA	NA	NA	NA	NA	NA	NA	NA	NA	NA	NA	NA	NA	NA	NA	NA	NA	NA	NA	NA	NA	NA
2	18	0	0	2	4	4	2	2	4	3	4	4	3	3.2	4	2	2	4	4	2	3	2	2	3	2.8	NA	NA	NA	NA	NA	NA	NA	NA	NA	NA	NA	NA	NA	NA	NA	NA	NA	NA	NA	NA	NA	NA	NA	NA	NA	NA	NA	NA	NA	NA	NA	NA	NA	NA	NA	NA	NA	NA	NA	NA	NA	NA	NA	NA	NA	NA	NA	NA	NA	NA	NA	NA	NA	NA	NA	NA	NA	NA	NA	NA	NA	NA	NA	NA	NA	NA	NA	NA	NA	NA	NA	NA	NA	NA	NA	NA	NA	NA	NA	NA	NA	NA	NA	NA	NA	NA	NA	NA	NA	NA	NA	NA	NA	NA	NA	NA	NA	NA	NA	NA	NA	NA	NA	NA	NA	NA
2	21	1	1	3	3	1	2	2	2	4	2	4	2	2.5	2	1	2	3	5	5	2	2	4	5	3.1	NA	NA	NA	NA	NA	NA	NA	NA	NA	NA	NA	NA	NA	NA	NA	NA	NA	NA	NA	NA	NA	NA	NA	NA	NA	NA	NA	NA	NA	NA	NA	NA	NA	NA	NA	NA	NA	NA	NA	NA	NA	NA	NA	NA	NA	NA	NA	NA	NA	NA	NA	NA	NA	NA	NA	NA	NA	NA	NA	NA	NA	NA	NA	NA	NA	NA	NA	NA	NA	NA	NA	NA	NA	NA	NA	NA	NA	NA	NA	NA	NA	NA	NA	NA	NA	NA	NA	NA	NA	NA	NA	NA	NA	NA	NA	NA	NA	NA	NA	NA	NA	NA	NA	NA	NA	NA
2	18	0	1	3	4	4	4	3	2	3	3	3	3	3.2	4	2	4	4	3	4	4	2	3	4	3.4	NA	NA	NA	NA	NA	NA	NA	NA	NA	NA	NA	NA	NA	NA	NA	NA	NA	NA	NA	NA	NA	NA	NA	NA	NA	NA	NA	NA	NA	NA	NA	NA	NA	NA	NA	NA	NA	NA	NA	NA	NA	NA	NA	NA	NA	NA	NA	NA	NA	NA	NA	NA	NA	NA	NA	NA	NA	NA	NA	NA	NA	NA	NA	NA	NA	NA	NA	NA	NA	NA	NA	NA	NA	NA	NA	NA	NA	NA	NA	NA	NA	NA	NA	NA	NA	NA	NA	NA	NA	NA	NA	NA	NA	NA	NA	NA	NA	NA	NA	NA	NA	NA	NA	NA	NA	NA
2	18	0	0	3	3	2	2	2	2	2	2	3	2	2.3	4	4	3	4	4	4	3	4	3	4	3.7	NA	NA	NA	NA	NA	NA	NA	NA	NA	NA	NA	NA	NA	NA	NA	NA	NA	NA	NA	NA	NA	NA	NA	NA	NA	NA	NA	NA	NA	NA	NA	NA	NA	NA	NA	NA	NA	NA	NA	NA	NA	NA	NA	NA	NA	NA	NA	NA	NA	NA	NA	NA	NA	NA	NA	NA	NA	NA	NA	NA	NA	NA	NA	NA	NA	NA	NA	NA	NA	NA	NA	NA	NA	NA	NA	NA	NA	NA	NA	NA	NA	NA	NA	NA	NA	NA	NA	NA	NA	NA	NA	NA	NA	NA	NA	NA	NA	NA	NA	NA	NA	NA	NA	NA	NA	NA
2	19	1	0	3	3	3	3	3	3	1	3	4	1	2.7	1	1	1	1	3	1	1	1	1	3	1.4	NA	NA	NA	NA	NA	NA	NA	NA	NA	NA	NA	NA	NA	NA	NA	NA	NA	NA	NA	NA	NA	NA	NA	NA	NA	NA	NA	NA	NA	NA	NA	NA	NA	NA	NA	NA	NA	NA	NA	NA	NA	NA	NA	NA	NA	NA	NA	NA	NA	NA	NA	NA	NA	NA	NA	NA	NA	NA	NA	NA	NA	NA	NA	NA	NA	NA	NA	NA	NA	NA	NA	NA	NA	NA	NA	NA	NA	NA	NA	NA	NA	NA	NA	NA	NA	NA	NA	NA	NA	NA	NA	NA	NA	NA	NA	NA	NA	NA	NA	NA	NA	NA	NA	NA	NA	NA
2	21	0	1	2	2	1	2	1	2	2	2	2	1	1.7	3	4	5	4	5	4	3	4	4	5	4.1	NA	NA	NA	NA	NA	NA	NA	NA	NA	NA	NA	NA	NA	NA	NA	NA	NA	NA	NA	NA	NA	NA	NA	NA	NA	NA	NA	NA	NA	NA	NA	NA	NA	NA	NA	NA	NA	NA	NA	NA	NA	NA	NA	NA	NA	NA	NA	NA	NA	NA	NA	NA	NA	NA	NA	NA	NA	NA	NA	NA	NA	NA	NA	NA	NA	NA	NA	NA	NA	NA	NA	NA	NA	NA	NA	NA	NA	NA	NA	NA	NA	NA	NA	NA	NA	NA	NA	NA	NA	NA	NA	NA	NA	NA	NA	NA	NA	NA	NA	NA	NA	NA	NA	NA	NA	NA
2	18	0	0	2	2	2	2	1	1	3	2	1	1	1.7	2	2	2	4	4	4	3	2	4	4	3.1	NA	NA	NA	NA	NA	NA	NA	NA	NA	NA	NA	NA	NA	NA	NA	NA	NA	NA	NA	NA	NA	NA	NA	NA	NA	NA	NA	NA	NA	NA	NA	NA	NA	NA	NA	NA	NA	NA	NA	NA	NA	NA	NA	NA	NA	NA	NA	NA	NA	NA	NA	NA	NA	NA	NA	NA	NA	NA	NA	NA	NA	NA	NA	NA	NA	NA	NA	NA	NA	NA	NA	NA	NA	NA	NA	NA	NA	NA	NA	NA	NA	NA	NA	NA	NA	NA	NA	NA	NA	NA	NA	NA	NA	NA	NA	NA	NA	NA	NA	NA	NA	NA	NA	NA	NA	NA
2	18	0	1	3	3	2	2	2	2	3	3	2	3	2.5	4	4	5	3	4	4	4	4	4	4	4	NA	NA	NA	NA	NA	NA	NA	NA	NA	NA	NA	NA	NA	NA	NA	NA	NA	NA	NA	NA	NA	NA	NA	NA	NA	NA	NA	NA	NA	NA	NA	NA	NA	NA	NA	NA	NA	NA	NA	NA	NA	NA	NA	NA	NA	NA	NA	NA	NA	NA	NA	NA	NA	NA	NA	NA	NA	NA	NA	NA	NA	NA	NA	NA	NA	NA	NA	NA	NA	NA	NA	NA	NA	NA	NA	NA	NA	NA	NA	NA	NA	NA	NA	NA	NA	NA	NA	NA	NA	NA	NA	NA	NA	NA	NA	NA	NA	NA	NA	NA	NA	NA	NA	NA	NA	NA
2	18	1	1	2	3	2	2	1	2	3	3	2	1	2.1	3	1	2	3	5	4	2	1	1	4	2.6	NA	NA	NA	NA	NA	NA	NA	NA	NA	NA	NA	NA	NA	NA	NA	NA	NA	NA	NA	NA	NA	NA	NA	NA	NA	NA	NA	NA	NA	NA	NA	NA	NA	NA	NA	NA	NA	NA	NA	NA	NA	NA	NA	NA	NA	NA	NA	NA	NA	NA	NA	NA	NA	NA	NA	NA	NA	NA	NA	NA	NA	NA	NA	NA	NA	NA	NA	NA	NA	NA	NA	NA	NA	NA	NA	NA	NA	NA	NA	NA	NA	NA	NA	NA	NA	NA	NA	NA	NA	NA	NA	NA	NA	NA	NA	NA	NA	NA	NA	NA	NA	NA	NA	NA	NA	NA
2	18	0	1	2	2	2	2	2	2	3	2	2	2	2.1	2	3	3	3	3	4	3	3	2	3	2.9	NA	NA	NA	NA	NA	NA	NA	NA	NA	NA	NA	NA	NA	NA	NA	NA	NA	NA	NA	NA	NA	NA	NA	NA	NA	NA	NA	NA	NA	NA	NA	NA	NA	NA	NA	NA	NA	NA	NA	NA	NA	NA	NA	NA	NA	NA	NA	NA	NA	NA	NA	NA	NA	NA	NA	NA	NA	NA	NA	NA	NA	NA	NA	NA	NA	NA	NA	NA	NA	NA	NA	NA	NA	NA	NA	NA	NA	NA	NA	NA	NA	NA	NA	NA	NA	NA	NA	NA	NA	NA	NA	NA	NA	NA	NA	NA	NA	NA	NA	NA	NA	NA	NA	NA	NA	NA
2	18	0	1	2	3	2	2	2	2	2	2	2	2	2.1	4	3	4	3	2	4	2	2	2	4	3	NA	NA	NA	NA	NA	NA	NA	NA	NA	NA	NA	NA	NA	NA	NA	NA	NA	NA	NA	NA	NA	NA	NA	NA	NA	NA	NA	NA	NA	NA	NA	NA	NA	NA	NA	NA	NA	NA	NA	NA	NA	NA	NA	NA	NA	NA	NA	NA	NA	NA	NA	NA	NA	NA	NA	NA	NA	NA	NA	NA	NA	NA	NA	NA	NA	NA	NA	NA	NA	NA	NA	NA	NA	NA	NA	NA	NA	NA	NA	NA	NA	NA	NA	NA	NA	NA	NA	NA	NA	NA	NA	NA	NA	NA	NA	NA	NA	NA	NA	NA	NA	NA	NA	NA	NA	NA
2	19	0	1	4	3	2	2	3	4	2	2	2	2	2.6	3	2	2	1	4	2	2	2	3	2	2.3	NA	NA	NA	NA	NA	NA	NA	NA	NA	NA	NA	NA	NA	NA	NA	NA	NA	NA	NA	NA	NA	NA	NA	NA	NA	NA	NA	NA	NA	NA	NA	NA	NA	NA	NA	NA	NA	NA	NA	NA	NA	NA	NA	NA	NA	NA	NA	NA	NA	NA	NA	NA	NA	NA	NA	NA	NA	NA	NA	NA	NA	NA	NA	NA	NA	NA	NA	NA	NA	NA	NA	NA	NA	NA	NA	NA	NA	NA	NA	NA	NA	NA	NA	NA	NA	NA	NA	NA	NA	NA	NA	NA	NA	NA	NA	NA	NA	NA	NA	NA	NA	NA	NA	NA	NA	NA
2	18	1	1	1	3	3	2	4	2	2	4	2	3	2.6	4	1	1	1	2	5	3	1	3	4	2.5	NA	NA	NA	NA	NA	NA	NA	NA	NA	NA	NA	NA	NA	NA	NA	NA	NA	NA	NA	NA	NA	NA	NA	NA	NA	NA	NA	NA	NA	NA	NA	NA	NA	NA	NA	NA	NA	NA	NA	NA	NA	NA	NA	NA	NA	NA	NA	NA	NA	NA	NA	NA	NA	NA	NA	NA	NA	NA	NA	NA	NA	NA	NA	NA	NA	NA	NA	NA	NA	NA	NA	NA	NA	NA	NA	NA	NA	NA	NA	NA	NA	NA	NA	NA	NA	NA	NA	NA	NA	NA	NA	NA	NA	NA	NA	NA	NA	NA	NA	NA	NA	NA	NA	NA	NA	NA
2	18	1	1	2	3	3	3	2	2	3	3	3	2	2.6	3	2	2	2	2	3	3	3	4	3	2.7	NA	NA	NA	NA	NA	NA	NA	NA	NA	NA	NA	NA	NA	NA	NA	NA	NA	NA	NA	NA	NA	NA	NA	NA	NA	NA	NA	NA	NA	NA	NA	NA	NA	NA	NA	NA	NA	NA	NA	NA	NA	NA	NA	NA	NA	NA	NA	NA	NA	NA	NA	NA	NA	NA	NA	NA	NA	NA	NA	NA	NA	NA	NA	NA	NA	NA	NA	NA	NA	NA	NA	NA	NA	NA	NA	NA	NA	NA	NA	NA	NA	NA	NA	NA	NA	NA	NA	NA	NA	NA	NA	NA	NA	NA	NA	NA	NA	NA	NA	NA	NA	NA	NA	NA	NA	NA
2	19	1	1	3	1	2	3	2	2	3	3	3	2	2.4	3	1	2	2	2	4	2	1	3	1	2.1	NA	NA	NA	NA	NA	NA	NA	NA	NA	NA	NA	NA	NA	NA	NA	NA	NA	NA	NA	NA	NA	NA	NA	NA	NA	NA	NA	NA	NA	NA	NA	NA	NA	NA	NA	NA	NA	NA	NA	NA	NA	NA	NA	NA	NA	NA	NA	NA	NA	NA	NA	NA	NA	NA	NA	NA	NA	NA	NA	NA	NA	NA	NA	NA	NA	NA	NA	NA	NA	NA	NA	NA	NA	NA	NA	NA	NA	NA	NA	NA	NA	NA	NA	NA	NA	NA	NA	NA	NA	NA	NA	NA	NA	NA	NA	NA	NA	NA	NA	NA	NA	NA	NA	NA	NA	NA
2	20	0	1	2	3	2	1	1	1	2	2	3	1	1.8	4	3	4	5	5	5	4	4	3	5	4.2	NA	NA	NA	NA	NA	NA	NA	NA	NA	NA	NA	NA	NA	NA	NA	NA	NA	NA	NA	NA	NA	NA	NA	NA	NA	NA	NA	NA	NA	NA	NA	NA	NA	NA	NA	NA	NA	NA	NA	NA	NA	NA	NA	NA	NA	NA	NA	NA	NA	NA	NA	NA	NA	NA	NA	NA	NA	NA	NA	NA	NA	NA	NA	NA	NA	NA	NA	NA	NA	NA	NA	NA	NA	NA	NA	NA	NA	NA	NA	NA	NA	NA	NA	NA	NA	NA	NA	NA	NA	NA	NA	NA	NA	NA	NA	NA	NA	NA	NA	NA	NA	NA	NA	NA	NA	NA
2	20	1	1	3	3	3	3	3	3	3	3	2	2	2.8	3	2	3	2	4	3	3	2	1	2	2.5	NA	NA	NA	NA	NA	NA	NA	NA	NA	NA	NA	NA	NA	NA	NA	NA	NA	NA	NA	NA	NA	NA	NA	NA	NA	NA	NA	NA	NA	NA	NA	NA	NA	NA	NA	NA	NA	NA	NA	NA	NA	NA	NA	NA	NA	NA	NA	NA	NA	NA	NA	NA	NA	NA	NA	NA	NA	NA	NA	NA	NA	NA	NA	NA	NA	NA	NA	NA	NA	NA	NA	NA	NA	NA	NA	NA	NA	NA	NA	NA	NA	NA	NA	NA	NA	NA	NA	NA	NA	NA	NA	NA	NA	NA	NA	NA	NA	NA	NA	NA	NA	NA	NA	NA	NA	NA
2	18	0	1	2	2	2	2	1	2	2	2	2	2	1.9	4	4	4	4	5	3	4	4	4	4	4	NA	NA	NA	NA	NA	NA	NA	NA	NA	NA	NA	NA	NA	NA	NA	NA	NA	NA	NA	NA	NA	NA	NA	NA	NA	NA	NA	NA	NA	NA	NA	NA	NA	NA	NA	NA	NA	NA	NA	NA	NA	NA	NA	NA	NA	NA	NA	NA	NA	NA	NA	NA	NA	NA	NA	NA	NA	NA	NA	NA	NA	NA	NA	NA	NA	NA	NA	NA	NA	NA	NA	NA	NA	NA	NA	NA	NA	NA	NA	NA	NA	NA	NA	NA	NA	NA	NA	NA	NA	NA	NA	NA	NA	NA	NA	NA	NA	NA	NA	NA	NA	NA	NA	NA	NA	NA
2	20	0	1	2	4	3	2	3	3	4	4	4	2	3.1	4	2	3	4	3	4	2	2	2	4	3	NA	NA	NA	NA	NA	NA	NA	NA	NA	NA	NA	NA	NA	NA	NA	NA	NA	NA	NA	NA	NA	NA	NA	NA	NA	NA	NA	NA	NA	NA	NA	NA	NA	NA	NA	NA	NA	NA	NA	NA	NA	NA	NA	NA	NA	NA	NA	NA	NA	NA	NA	NA	NA	NA	NA	NA	NA	NA	NA	NA	NA	NA	NA	NA	NA	NA	NA	NA	NA	NA	NA	NA	NA	NA	NA	NA	NA	NA	NA	NA	NA	NA	NA	NA	NA	NA	NA	NA	NA	NA	NA	NA	NA	NA	NA	NA	NA	NA	NA	NA	NA	NA	NA	NA	NA	NA
2	20	1	1	1	3	4	1	3	1	4	3	2	3	2.5	4	2	4	5	5	5	1	2	3	4	3.5	NA	NA	NA	NA	NA	NA	NA	NA	NA	NA	NA	NA	NA	NA	NA	NA	NA	NA	NA	NA	NA	NA	NA	NA	NA	NA	NA	NA	NA	NA	NA	NA	NA	NA	NA	NA	NA	NA	NA	NA	NA	NA	NA	NA	NA	NA	NA	NA	NA	NA	NA	NA	NA	NA	NA	NA	NA	NA	NA	NA	NA	NA	NA	NA	NA	NA	NA	NA	NA	NA	NA	NA	NA	NA	NA	NA	NA	NA	NA	NA	NA	NA	NA	NA	NA	NA	NA	NA	NA	NA	NA	NA	NA	NA	NA	NA	NA	NA	NA	NA	NA	NA	NA	NA	NA	NA
2	21	1	1	1	2	2	1	2	2	2	2	4	1	1.9	5	4	4	5	4	4	4	4	2	5	4.1	NA	NA	NA	NA	NA	NA	NA	NA	NA	NA	NA	NA	NA	NA	NA	NA	NA	NA	NA	NA	NA	NA	NA	NA	NA	NA	NA	NA	NA	NA	NA	NA	NA	NA	NA	NA	NA	NA	NA	NA	NA	NA	NA	NA	NA	NA	NA	NA	NA	NA	NA	NA	NA	NA	NA	NA	NA	NA	NA	NA	NA	NA	NA	NA	NA	NA	NA	NA	NA	NA	NA	NA	NA	NA	NA	NA	NA	NA	NA	NA	NA	NA	NA	NA	NA	NA	NA	NA	NA	NA	NA	NA	NA	NA	NA	NA	NA	NA	NA	NA	NA	NA	NA	NA	NA	NA
2	19	0	0	2	4	2	4	4	1	2	2	2	2	2.5	1	1	1	1	2	2	1	1	2	1	1.3	NA	NA	NA	NA	NA	NA	NA	NA	NA	NA	NA	NA	NA	NA	NA	NA	NA	NA	NA	NA	NA	NA	NA	NA	NA	NA	NA	NA	NA	NA	NA	NA	NA	NA	NA	NA	NA	NA	NA	NA	NA	NA	NA	NA	NA	NA	NA	NA	NA	NA	NA	NA	NA	NA	NA	NA	NA	NA	NA	NA	NA	NA	NA	NA	NA	NA	NA	NA	NA	NA	NA	NA	NA	NA	NA	NA	NA	NA	NA	NA	NA	NA	NA	NA	NA	NA	NA	NA	NA	NA	NA	NA	NA	NA	NA	NA	NA	NA	NA	NA	NA	NA	NA	NA	NA	NA
2	21	0	1	2	2	2	2	2	1	2	2	3	2	2	4	4	4	4	4	5	4	4	3	4	4	NA	NA	NA	NA	NA	NA	NA	NA	NA	NA	NA	NA	NA	NA	NA	NA	NA	NA	NA	NA	NA	NA	NA	NA	NA	NA	NA	NA	NA	NA	NA	NA	NA	NA	NA	NA	NA	NA	NA	NA	NA	NA	NA	NA	NA	NA	NA	NA	NA	NA	NA	NA	NA	NA	NA	NA	NA	NA	NA	NA	NA	NA	NA	NA	NA	NA	NA	NA	NA	NA	NA	NA	NA	NA	NA	NA	NA	NA	NA	NA	NA	NA	NA	NA	NA	NA	NA	NA	NA	NA	NA	NA	NA	NA	NA	NA	NA	NA	NA	NA	NA	NA	NA	NA	NA	NA
2	19	0	1	4	4	3	3	2	2	4	5	3	4	3.4	1	1	2	2	4	5	1	1	1	4	2.2	NA	NA	NA	NA	NA	NA	NA	NA	NA	NA	NA	NA	NA	NA	NA	NA	NA	NA	NA	NA	NA	NA	NA	NA	NA	NA	NA	NA	NA	NA	NA	NA	NA	NA	NA	NA	NA	NA	NA	NA	NA	NA	NA	NA	NA	NA	NA	NA	NA	NA	NA	NA	NA	NA	NA	NA	NA	NA	NA	NA	NA	NA	NA	NA	NA	NA	NA	NA	NA	NA	NA	NA	NA	NA	NA	NA	NA	NA	NA	NA	NA	NA	NA	NA	NA	NA	NA	NA	NA	NA	NA	NA	NA	NA	NA	NA	NA	NA	NA	NA	NA	NA	NA	NA	NA	NA
