sales	training	female	experience	capital	IQ
145.554	0	0	2	0	101
100.768	0	0	2	0	83
107.222	0	0	1	0	85
143.026	0	1	1	1	101
176.246	0	0	1	0	98
110.258	0	0	1	0	92
136.906	0	0	1	0	88
182.019	0	1	1	1	96
164.117	0	1	3	1	93
228.811	1	1	2	1	113
198.102	0	0	1	0	106
189.206	1	1	1	1	93
207.958	0	1	3	1	110
229.347	0	0	3	0	117
208.326	1	0	5	1	86
148.562	0	0	5	0	85
216.759	1	0	3	0	94
213.265	0	0	5	1	82
174.813	0	0	5	0	120
107.477	0	0	1	0	91
185.937	1	1	5	0	107
164.757	1	0	1	0	122
139.807	0	0	1	0	96
167.083	0	0	1	0	119
218.714	0	0	2	1	107
181.381	0	0	3	0	107
202.61	1	0	2	0	119
129.705	0	0	2	1	83
181.388	1	0	3	0	102
167.623	0	0	4	0	88
224.894	0	0	1	1	103
169.81	0	0	4	0	80
284.866	1	0	5	0	115
201.378	1	0	2	1	120
140.084	0	0	1	0	120
158.498	0	0	5	1	81
158.719	0	1	1	0	109
131.289	0	1	3	1	91
130.551	1	0	1	1	86
162.875	0	0	4	1	91
198.831	1	1	5	1	86
133.276	0	1	3	1	95
137.769	0	1	5	0	121
121.23	0	1	3	0	100
118.719	0	0	2	1	109
128.155	0	0	3	1	95
220.705	1	0	2	1	90
162.304	0	0	4	0	84
125.576	0	1	2	1	81
158.835	1	0	3	1	87
187.667	0	1	1	1	121
92.67	0	1	1	0	86
250.233	0	1	4	1	112
165.113	0	1	3	1	110
145.937	0	0	5	1	87
263.798	0	0	2	1	118
113.783	1	0	1	0	95
90.043	0	0	2	1	84
179.354	0	1	4	1	89
182.442	0	0	5	1	116
210.639	0	0	2	0	95
95.439	0	0	4	0	81
127.778	0	0	2	0	111
179.248	1	0	5	0	89
112.633	0	0	3	1	91
221.207	0	1	4	0	99
156.132	1	0	2	1	117
175.546	0	0	2	1	81
158.18	0	0	5	1	117
218.599	0	0	5	1	95
105.023	0	1	3	0	80
133.627	1	1	2	1	102
178.287	0	0	1	1	113
291.99	1	0	3	0	120
152.005	0	1	3	0	102
191.743	0	0	4	1	110
166.373	0	0	2	0	96
172.69	0	1	5	1	115
187.641	0	1	5	0	113
172.104	0	0	3	1	104
143.702	0	0	1	0	109
176.277	0	0	3	1	122
153.965	1	1	3	0	83
167.988	0	0	1	0	91
150.385	0	0	2	1	106
308.249	1	0	5	1	109
193.161	1	0	3	1	110
275.074	1	0	5	1	95
168.053	0	0	5	0	105
179.768	1	1	2	0	120
141.755	0	0	2	0	105
191.627	0	1	1	1	111
174.707	0	1	1	0	121
161.521	1	0	4	0	96
143.172	0	0	1	0	119
177.245	0	0	2	1	117
288.83	0	0	2	1	119
163.632	0	0	1	1	104
109.11	0	0	1	0	91
161.665	0	0	2	0	110
159.252	1	0	1	1	108
166.833	0	1	1	1	114
172.498	1	0	4	0	100
156.841	1	1	2	0	88
189.811	0	0	1	0	91
124.933	0	0	5	0	97
173.973	0	0	3	0	110
205.927	0	0	2	1	121
90.832	0	1	5	1	87
147.032	0	0	1	1	103
139.335	0	0	5	0	88
207.663	0	1	1	1	101
181.775	0	1	5	0	109
151.066	0	0	4	0	108
99.862	0	0	5	1	80
134.927	1	0	3	1	107
99.531	0	1	2	0	99
192.703	1	0	1	0	103
158.599	0	0	5	1	94
142.128	0	0	2	1	100
130.178	0	1	4	0	88
164.04	1	0	5	0	115
146.268	0	0	3	0	94
237.096	0	0	3	0	122
211.258	0	0	5	0	109
133.576	1	1	5	1	99
166.92	0	1	1	0	109
127.906	0	0	1	0	103
173.349	0	0	3	0	97
145.954	0	0	1	0	107
138.796	0	1	3	1	93
254.597	1	0	2	1	118
187.55	0	0	4	1	114
202.269	0	0	3	1	106
130.136	0	0	3	1	105
171.33	0	0	2	0	101
183.12	0	1	2	0	91
118.352	1	1	2	1	85
144.475	0	0	3	0	111
157.458	1	0	3	1	118
176.266	0	0	4	1	95
198.186	0	0	2	1	109
154.392	1	1	3	1	88
18.591	0	0	1	0	80
150.97	1	0	1	1	118
188.872	1	0	2	0	113
146.268	0	1	1	0	93
223.722	0	0	2	1	120
273.218	1	1	3	0	101
151.74	0	0	3	1	113
172.345	0	0	5	0	109
229.5	1	1	2	1	101
132.534	0	1	2	1	104
196.984	0	0	2	0	113
145.481	0	0	2	0	104
131.434	0	1	2	1	105
206.566	1	0	2	1	118
114.808	0	1	2	0	96
167.432	0	0	2	1	117
402.399	0	0	4	0	118
170.109	0	0	5	1	118
175.845	1	0	3	1	100
133.632	0	1	3	0	118
146.822	0	0	2	0	83
191.221	1	0	3	0	80
303.017	0	0	4	1	115
188.682	0	1	2	1	107
195.343	0	0	1	0	114
184.01	1	0	3	0	121
226.511	0	1	3	0	117
149.573	0	0	1	0	105
159.717	0	1	2	1	114
191.645	0	0	3	1	96
143.961	0	0	3	1	95
126.876	0	0	3	1	113
196.059	0	1	4	1	95
128.177	0	1	2	1	112
164.795	0	1	5	0	93
248.103	0	0	5	0	91
187.049	0	1	4	0	101
145.679	1	0	3	0	80
202.012	0	0	5	1	116
204.931	1	0	4	1	111
213.157	0	0	2	0	118
150.279	0	1	1	0	109
153.03	1	1	3	0	91
190.154	1	0	2	1	87
171.724	0	0	1	1	88
125.73	0	0	4	1	80
135.906	0	0	3	0	89
150.246	0	0	4	1	106
149.778	0	0	5	1	115
123.148	0	1	3	0	82
158.937	1	0	2	0	90
195.925	1	0	1	0	110
198.572	0	0	2	1	99
115.361	0	0	3	1	84
159.592	0	0	2	0	93
146.538	0	0	3	1	88
159.714	0	0	5	1	105
142.617	0	0	2	1	81
173.781	1	0	3	1	112
116.745	0	0	3	0	81
145.52	0	0	4	1	105
235.717	0	0	1	1	106
206.263	0	0	1	1	102
136.037	1	0	3	0	89
134.604	0	1	1	0	81
118.921	0	0	1	1	89
155.904	1	1	1	1	108
196.222	0	0	4	0	122
203.874	0	0	1	1	93
136.42	0	0	1	0	93
166.346	0	1	3	1	85
241.141	0	0	5	1	109
188.351	0	1	5	0	89
266.896	1	0	2	0	120
84.941	0	0	4	0	86
167.676	0	0	3	1	114
160.444	1	0	1	1	80
168.964	1	1	1	0	98
220.635	1	0	3	1	118
153.514	0	1	2	0	93
156.152	0	0	4	1	92
191.741	0	0	4	0	86
189.974	1	1	1	1	103
161.887	0	0	1	0	89
226.02	0	0	3	0	113
150.527	0	0	2	0	117
157.466	0	0	1	0	116
132.177	0	0	2	1	84
222.711	1	0	2	0	105
263.885	1	0	4	1	109
202.137	1	0	5	1	97
116.835	0	1	1	0	107
164.917	0	1	3	0	117
249.376	0	0	4	0	103
186.523	0	1	2	0	85
154.674	0	0	3	1	82
160.954	0	0	2	1	103
188.977	1	0	2	1	113
166.073	0	1	4	1	105
193.904	0	0	2	0	94
175.377	0	1	2	0	122
238.445	1	0	4	1	111
260.255	0	0	4	1	114
128.357	0	0	3	0	82
146.827	1	0	3	1	90
112.766	0	0	3	0	96
171.608	0	0	3	0	111
337.864	1	0	4	0	118
180.836	0	0	4	0	81
246.039	1	1	5	0	108
207.806	0	0	4	1	92
185.964	0	0	5	0	109
161.627	0	0	2	1	101
216.287	0	1	4	1	117
181.841	0	0	4	1	95
147.328	0	0	1	1	111
171.424	0	1	3	0	104
109.78	0	1	1	1	88
85.678	0	0	3	0	87
143.637	1	1	4	1	102
148.536	1	0	5	0	105
173.66	0	0	3	1	111
205.905	0	1	3	1	112
143.438	0	0	1	1	111
215.327	1	0	4	1	119
142.846	0	0	3	0	107
251.763	1	0	3	1	119
166.982	0	0	1	0	86
220.793	1	1	4	1	109
128.876	0	1	5	1	99
164.349	1	1	4	0	93
279.048	0	0	5	0	121
260.897	0	0	5	1	116
123.177	0	0	3	1	106
132.684	0	0	2	1	83
161.838	0	0	4	0	105
143.811	0	1	1	0	118
178.681	0	0	1	1	102
218.371	0	0	4	0	107
188.737	1	0	4	0	109
157.695	1	0	1	1	113
117.574	0	0	5	0	87
166.78	0	0	3	0	85
171.803	0	0	1	1	110
182	1	0	2	1	112
146.799	0	1	5	1	103
120.71	0	0	1	1	83
190.783	0	1	4	0	91
198.865	1	1	2	0	119
280.138	0	1	4	0	120
272.659	1	1	3	0	117
186.946	0	0	1	0	117
181.092	0	1	5	1	104
182.368	1	0	2	0	97
127.718	0	0	2	0	87
147.454	1	1	3	0	96
149.413	0	0	4	0	107
148.186	0	0	5	1	97
156.335	0	1	1	0	108
177.798	0	0	2	1	105
131.137	0	1	1	1	95
282.487	1	0	5	0	112
80.082	0	0	2	1	99
228.11	1	0	5	1	92
201.018	0	0	4	0	115
160.269	1	0	5	0	96
162.454	0	0	1	0	81
179.819	0	1	3	0	95
148.081	0	0	4	1	89
217.099	1	0	1	1	97
268.649	0	0	5	0	122
131.224	0	0	5	1	86
185.213	0	0	3	1	103
200.522	0	0	4	0	102
105.779	0	1	2	1	83
138.274	0	0	4	0	106
145.378	1	0	4	0	102
289.305	1	0	3	0	121
157.306	1	0	2	1	103
208.758	0	0	4	1	107
209.479	1	0	5	0	106
146.399	0	0	3	1	80
194.146	0	1	4	0	99
251.109	1	0	2	1	117
204.229	0	0	2	0	110
124.616	0	1	1	1	104
174.246	0	0	2	0	101
321.183	1	1	3	1	103
202.759	1	0	4	0	105
150.561	0	0	3	1	96
224.102	0	1	3	1	119
220.606	1	0	1	1	114
198.121	0	0	3	1	106
195.653	1	1	4	0	114
267.209	0	0	5	0	122
165.371	0	0	3	1	103
163.183	0	0	1	1	102
191.46	0	0	2	1	98
162.826	0	1	5	0	104
183.593	0	1	5	1	111
169.412	1	0	1	1	98
172.026	1	0	2	1	106
153.518	1	0	4	1	90
120.723	0	0	2	1	84
161.317	1	0	5	1	87
177.401	0	0	5	1	90
187.904	0	1	2	1	111
176.976	0	1	5	0	121
140.572	0	0	3	1	100
172.757	1	1	5	0	100
218.11	1	1	5	1	121
130.725	0	0	2	1	99
167.197	1	0	5	0	83
214.263	0	1	4	0	95
122.689	0	0	1	0	96
154.818	1	0	2	0	99
163.872	0	0	5	1	92
248.133	1	0	3	1	104
153.664	0	0	2	0	117
193.424	1	0	5	0	116
115.322	0	0	1	1	80
121.314	0	0	4	0	87
154.64	0	0	5	0	91
165.92	1	1	4	0	98
146.731	0	1	1	1	107
173.437	0	0	3	1	88
127.674	0	0	2	0	96
190.055	1	1	1	1	110
176.728	0	1	4	0	89
154.042	0	0	5	1	90
195.22	1	0	1	0	106
158.206	0	0	3	0	93
184.52	0	0	3	1	119
202.385	1	0	5	1	92
143.289	1	1	4	0	93
158.019	1	0	5	0	83
157.371	0	0	4	0	91
175.165	0	0	5	0	119
247.316	1	0	5	1	103
170.683	0	0	5	1	104
214.051	0	0	2	1	96
238.773	1	0	1	0	121
264.56	0	0	2	0	121
146.184	0	1	5	1	84
174.759	0	0	5	1	98
236.346	1	0	2	1	121
189.139	0	1	2	0	120
214.73	1	1	4	1	120
181.542	0	1	2	0	113
126.806	0	1	2	1	91
199.159	0	0	3	0	118
159.255	1	0	2	0	113
184.914	0	1	5	0	113
153.849	0	0	4	0	95
183.748	0	1	1	1	83
187.261	0	0	5	1	100
182.883	1	0	3	1	115
132.761	0	0	2	0	83
166.776	1	1	2	1	97
242.032	1	0	2	1	105
206.964	0	0	5	1	116
146.379	0	0	5	0	93
258.627	1	0	1	1	120
121.831	0	0	3	0	80
127.361	0	0	2	1	89
145.323	0	1	1	0	82
93.342	0	0	1	0	101
119.871	1	0	1	0	99
95.686	0	0	2	0	80
174.503	0	1	4	1	88
185.186	1	0	5	1	119
118.031	0	0	1	0	103
148.208	0	0	2	1	87
189.237	0	0	4	1	115
170.777	0	1	1	1	103
178.803	1	0	3	1	113
105.96	0	0	1	1	97
169.594	1	1	3	0	114
175.131	0	1	2	1	96
235.203	1	0	3	1	115
185.406	1	1	1	1	112
117.766	0	0	2	1	84
208.239	0	0	3	1	105
233.813	1	0	4	0	104
158.993	0	0	5	0	97
171.408	0	0	2	1	105
173.192	0	1	2	0	112
119.12	0	0	4	0	86
231.09	0	0	2	1	110
145.184	0	0	3	0	84
136.335	0	0	3	0	94
209.014	0	0	2	0	110
271.291	1	1	5	1	121
192.509	0	0	1	0	86
132.412	1	1	2	0	90
127.805	0	0	5	0	80
134.342	0	1	3	0	80
174.657	0	0	2	0	85
140.208	0	1	1	0	101
141.228	1	0	2	1	94
132.492	0	0	2	0	92
195.295	0	0	4	1	111
155.524	1	0	4	0	85
120.223	0	0	3	0	90
219.057	1	0	1	0	122
129.687	0	0	3	1	80
132.614	0	0	4	0	86
121.326	0	1	4	0	96
158.134	1	0	4	1	97
186.204	0	1	3	1	120
117.755	0	0	4	0	116
232.075	0	0	1	0	122
184.376	0	1	2	1	80
272.368	1	0	3	0	122
147.721	0	0	4	0	96
170.116	0	0	4	1	89
143.858	0	0	3	1	85
156.205	0	1	4	1	102
228.535	1	1	1	1	101
165.375	0	0	3	0	121
215.969	0	1	1	0	120
134.792	0	0	2	0	101
216.151	0	1	4	1	113
164.063	0	0	4	1	97
233.203	1	0	3	0	114
151.332	0	1	5	1	92
115.864	1	0	1	0	83
229.483	1	0	1	0	113
119.762	0	0	1	1	86
143.742	0	1	1	0	87
145.372	1	0	5	1	99
153.167	0	0	1	0	107
148.753	0	1	3	1	105
95.647	0	0	1	1	88
241.28	1	0	4	1	96
139.201	0	0	4	1	94
142.798	1	0	3	1	82
248.544	0	0	3	0	122
154.593	1	0	5	1	107
225.862	0	1	2	1	108
188.193	0	0	2	0	100
161.378	1	1	2	1	98
203.308	0	0	4	1	96
243.517	0	0	5	0	101
251.501	0	1	4	0	100
94.736	0	0	5	0	99
135.371	0	1	1	1	82
174.182	1	1	4	1	103
193.771	0	1	4	0	112
235.253	0	0	2	0	117
135.16	0	0	5	1	99
208.144	0	0	5	0	112
156.872	1	1	5	1	97
178.209	0	0	2	1	122
129.911	0	0	1	0	114
221.167	1	0	5	1	116
182.907	1	1	4	1	90
100.964	1	0	3	1	94
276.614	1	0	4	1	122
207.607	1	0	5	0	82
239.881	0	0	3	1	107
137.15	0	0	1	1	100
200.592	1	0	2	0	116
108.24	0	1	2	1	82
126.292	0	1	3	0	85
89.545	0	0	1	1	92
124.699	1	1	3	1	112
202.476	0	0	3	1	113
160.975	0	0	2	1	115
217.598	1	1	5	0	112
139.577	0	0	5	1	89
176.754	1	1	2	1	86
105.502	1	0	4	0	95
186.021	0	0	5	1	96
241.024	0	0	2	1	120
234.265	0	0	4	0	113
132.84	1	0	2	0	88
167.462	0	1	5	0	100
199.622	0	0	4	0	116
115.267	0	0	2	0	85
188.296	0	0	1	0	115
174.419	0	0	2	0	95
197.112	0	0	4	1	110
144.76	0	0	4	0	106
161.553	1	0	3	1	82
223.13	0	1	2	0	116
241.393	1	0	1	1	115
162.661	0	0	4	0	117
247.911	1	0	4	0	116
236.513	1	0	4	1	119
217.192	0	0	5	1	95
155.655	0	0	1	1	119
216.962	1	0	1	1	107
161.062	1	0	2	1	113
166.317	1	0	5	1	106
122.71	0	0	2	0	83
180.817	1	0	1	0	110
204.066	0	0	1	0	114
130.644	0	0	4	0	92
179.373	0	0	5	1	114
234.379	1	1	1	1	115
197.498	0	0	4	1	116
224.575	1	0	4	1	105
161.938	0	1	4	1	84
197.371	1	1	5	1	98
205.837	0	0	5	0	119
128.521	0	1	1	0	97
261.803	0	0	3	0	99
190.701	1	1	3	0	99
233.211	0	0	5	1	105
156.552	1	0	4	1	96
156.724	1	0	5	0	93
172.393	0	1	5	0	100
113.909	1	0	5	0	112
170.378	0	0	4	0	88
285.108	0	0	2	0	117
146.766	0	0	5	1	82
185.4	0	1	1	1	117
229.71	0	1	4	0	111
158.507	1	1	3	1	89
176.811	0	1	5	1	115
157.076	0	0	3	1	107
142.208	1	0	1	0	101
233.708	0	1	3	1	106
142.065	0	0	5	0	98
149.922	0	0	5	1	97
176.376	1	0	5	0	84
228.04	0	0	2	1	119
173.448	0	1	3	0	115
256.639	0	1	1	1	100
247.974	1	1	5	0	117
229.312	0	1	4	1	118
190.009	1	0	2	0	115
158.009	1	0	4	0	93
175.582	0	0	4	0	114
155.311	1	0	1	1	106
236.098	1	1	3	1	110
106.826	1	0	4	0	89
109.158	0	0	3	1	101
171.327	0	0	4	0	102
150.49	1	1	4	0	106
319.999	1	0	3	1	117
149.438	1	0	2	0	110
171.154	1	0	2	1	91
172.401	0	0	4	0	103
241.783	0	0	1	0	116
202.958	0	0	4	0	113
105.592	0	0	5	1	87
167.291	0	0	1	1	110
130.03	0	0	3	0	96
172.295	0	0	5	0	113
116.212	0	0	1	1	93
153.326	1	0	2	1	80
177.846	0	0	4	0	89
151.056	1	0	3	0	108
152.959	0	0	5	0	113
160.436	0	0	1	0	102
177.049	0	1	3	0	88
123.657	1	0	1	0	82
198.871	0	0	5	1	107
224.36	1	0	1	0	107
168.214	1	0	2	0	85
179.534	1	0	4	0	95
156.155	0	0	1	1	116
244.557	1	0	5	1	110
247.388	1	0	1	1	113
146.079	0	1	5	0	92
168.541	0	0	1	0	103
195.563	1	1	2	0	117
135.134	0	1	4	1	98
154.022	1	0	2	1	119
115.679	0	0	2	0	88
164.24	1	0	5	0	90
193.492	1	0	4	1	120
224.918	1	0	3	1	90
172.476	1	0	2	0	118
154.119	0	1	2	0	101
153.616	0	0	4	0	99
113.271	0	0	2	0	90
241.159	1	0	4	1	101
229.031	0	1	1	1	100
132.191	0	0	2	1	90
194.717	1	0	4	1	106
168.901	1	0	3	1	98
264.951	0	0	5	0	119
116.346	0	0	3	1	94
260.118	1	0	1	1	119
148.722	1	0	4	0	91
146.516	0	1	2	0	103
209.981	1	0	2	1	102
149.704	0	0	3	1	105
93.72	0	1	2	0	82
227.179	0	1	3	0	121
188.014	0	0	5	0	105
176.891	0	1	5	0	98
195.474	0	0	2	0	112
151.931	0	0	5	0	100
152.055	0	1	2	1	94
178.992	0	0	3	0	120
179.068	0	0	3	0	102
188.196	0	0	1	0	91
141.428	0	0	1	0	115
224.494	1	0	4	1	89
208.791	1	0	3	0	122
175.277	1	0	5	1	81
266.661	0	0	1	0	118
216.106	0	0	5	1	116
192.571	0	1	3	1	120
181.836	0	1	4	1	100
148.081	0	0	1	1	99
196.556	0	1	2	0	92
142.548	0	0	1	0	80
207.553	0	1	2	0	122
188.978	0	1	1	1	117
124.035	0	0	5	0	94
150.045	0	0	2	0	104
216.184	1	0	1	1	111
189.435	0	1	3	0	112
142.19	0	0	2	1	94
200.776	1	0	3	1	91
177.801	0	0	1	1	90
208.434	0	0	5	0	90
132.41	1	1	1	1	91
184.928	1	0	1	1	112
251.914	0	0	3	0	89
162.421	0	0	2	0	113
157.074	0	0	2	1	112
198.92	0	0	1	0	120
152.412	0	0	1	0	95
222.727	0	1	3	0	108
103.107	0	0	5	1	81
150.187	0	1	4	1	121
146.531	0	0	2	0	119
181.601	0	1	4	1	107
148.524	1	0	4	0	119
155.168	0	1	1	1	109
206.044	0	0	2	1	116
183.273	1	0	1	1	99
177.09	0	1	2	1	113
204.892	0	1	1	1	116
117.667	1	1	2	1	90
234.542	0	0	5	0	111
156.543	0	1	2	0	99
154.502	0	1	5	0	89
229.438	1	1	5	0	81
118.599	0	1	1	1	85
137.771	0	1	5	0	98
151.505	0	0	2	0	103
130.966	0	0	3	1	92
108.837	0	0	3	1	89
196.279	0	0	3	0	116
153.403	0	0	5	0	86
231.023	1	1	3	1	105
157.033	0	1	5	1	116
92.206	0	0	4	0	82
129.26	0	1	5	1	85
152.643	0	0	3	0	103
145.665	0	0	2	0	104
282.15	0	1	2	0	116
127.625	0	1	5	1	82
171.188	0	0	4	0	110
174.079	0	0	3	0	120
156.628	0	0	2	0	90
154.972	0	0	2	1	82
156.338	1	1	1	1	98
137.126	0	0	4	0	86
155.724	0	1	2	0	97
165.695	0	1	1	0	97
211.051	1	0	5	0	109
184.142	0	0	4	0	113
117.188	0	0	3	1	110
256.637	1	0	4	1	118
102.776	0	0	2	0	91
140.135	0	0	2	1	88
106.732	0	0	1	1	92
202.663	0	1	1	0	118
202.278	1	0	2	1	101
213.296	1	0	2	0	103
224.343	0	1	2	1	112
124.918	0	0	2	0	120
103.744	0	0	1	0	82
209.364	0	0	4	1	103
192.61	0	0	4	0	93
141.817	0	1	5	1	110
223.452	1	0	5	1	109
231.957	1	0	1	0	91
207.408	0	1	4	0	93
129.604	0	0	2	0	93
247.075	1	0	1	1	111
160.582	0	0	3	0	117
187.885	1	0	1	1	87
202.03	0	0	3	0	122
117.238	1	0	2	0	81
288.543	0	0	4	1	118
195.465	0	0	5	1	109
255.833	0	0	1	0	115
180.787	1	0	5	1	86
135.002	0	0	1	1	109
176.795	0	0	1	1	120
196.819	0	0	1	1	100
163.336	0	1	2	1	112
164.895	0	0	2	0	105
131.164	0	0	2	0	109
118.07	0	0	3	1	86
174.824	0	0	2	1	107
224.05	0	0	2	1	113
157.766	0	0	4	0	85
142.348	0	1	4	0	83
173.949	1	0	2	0	102
123.658	0	0	1	0	81
202.048	0	0	3	1	106
201.754	0	1	3	0	86
141.453	0	1	1	1	86
172.981	0	1	4	1	104
172.715	0	1	3	0	99
235.754	1	0	5	0	118
226.995	0	1	5	0	112
162.143	0	0	2	0	122
211.569	1	1	5	1	115
142.565	1	1	1	1	91
145.601	0	1	5	1	87
147.571	0	1	4	1	109
178.608	1	1	2	1	83
247.419	0	1	4	0	121
246.21	0	0	4	0	122
163.021	1	0	2	0	113
187.047	1	0	2	0	116
245.86	1	0	1	0	121
124.833	0	1	2	0	81
202.347	1	0	4	0	105
179.397	0	0	5	0	113
260.924	1	0	1	1	102
101.936	0	0	1	0	96
177.284	0	1	3	1	87
167.494	0	0	3	0	87
107.923	0	0	5	0	98
128.347	1	0	5	1	84
188.254	1	0	1	0	101
131.978	1	1	3	1	94
183.271	1	0	2	1	85
110.225	0	0	3	0	93
134.898	0	0	5	1	87
205.198	1	0	2	0	110
125.354	1	0	4	1	93
159.317	0	1	5	1	97
105.658	0	0	3	0	86
133.346	0	0	2	1	119
146.632	0	1	1	0	122
205.459	0	0	3	1	90
106.264	0	0	2	1	81
162.418	1	0	5	0	111
163.507	0	0	2	0	110
168.013	0	0	4	0	121
208.107	0	0	1	0	122
196.626	0	1	4	0	115
166.613	1	0	2	1	98
222.028	1	1	4	0	97
108.354	0	0	1	0	95
144.43	1	0	3	1	106
167.393	0	0	4	1	82
211.479	0	1	5	1	110
139.9	1	0	5	1	91
234.253	0	0	1	0	122
173.225	0	0	2	1	101
155.972	0	1	3	0	81
141.107	0	0	1	0	92
130.184	0	0	1	0	83
141.797	0	0	4	0	94
159.264	0	0	5	1	84
151.424	0	1	5	1	95
191.499	0	1	5	1	84
158.612	1	0	4	1	108
107.693	0	0	2	0	91
184.665	0	1	2	0	122
147.801	0	1	2	0	86
157.454	1	1	4	1	95
165.883	0	0	2	0	91
105.818	0	0	4	1	88
195.096	0	1	1	0	92
112.75	0	0	2	0	104
213.133	1	0	3	0	108
181.399	0	0	2	1	122
136.965	0	0	1	0	107
169.861	1	0	3	1	86
265.739	1	1	3	1	116
222.178	0	0	5	1	115
171.64	1	0	2	0	103
115.688	0	0	4	0	87
142.296	1	1	5	0	90
208.15	0	0	3	0	121
207.569	1	1	3	1	92
153.139	0	0	2	0	98
98.51	0	0	1	1	99
128.161	1	1	3	0	84
154.084	0	1	4	0	105
153.605	0	1	2	1	106
170.028	0	0	3	1	95
153.297	1	0	4	1	92
277.028	1	1	5	0	109
125.728	0	0	1	0	92
212.793	0	1	4	0	109
164.53	1	0	4	1	96
159.821	0	0	2	1	102
170.266	0	0	3	0	103
174.598	0	1	1	0	122
141.174	0	1	1	1	81
109.681	0	0	1	0	99
158.118	1	0	2	0	80
187.796	0	0	3	0	115
151.352	0	1	3	0	106
104.185	0	1	5	1	82
175.359	0	0	3	0	101
212.16	0	0	3	0	113
153.827	0	0	5	1	120
205.228	0	0	2	0	102
203.802	1	0	3	1	117
179.53	0	0	3	0	90
148.067	0	0	2	0	91
207.54	0	0	4	0	95
138.236	0	1	3	1	88
170.672	0	0	1	0	109
175.626	0	0	4	1	98
140.028	0	0	1	1	106
165.932	1	0	3	1	87
139.033	0	0	3	1	88
122.211	1	0	2	0	102
170.342	0	0	2	0	102
101.894	0	0	4	0	93
193.334	1	0	1	0	87
203.461	1	0	4	1	80
113.304	1	0	1	0	107
159.867	0	0	5	0	100
176.336	0	0	4	1	104
224.653	1	0	4	1	108
275.593	0	0	5	1	107
275.477	1	1	1	0	122
154.956	0	0	4	1	86
121.746	0	0	1	1	99
164.493	0	0	2	0	102
207.897	0	0	1	0	112
261.722	0	0	4	1	116
234.987	1	1	2	0	95
215.22	0	1	5	0	104
225.293	0	1	4	0	116
192.046	1	0	3	0	99
166.464	0	0	4	0	99
224.972	0	0	3	1	114
160.429	0	1	5	1	119
200.599	0	1	4	0	86
248.434	1	1	1	1	95
189.189	1	0	2	0	89
187.473	0	0	3	0	116
244.319	1	0	4	0	121
98.166	0	1	1	1	86
96.761	0	1	2	0	110
226.61	1	0	4	1	87
170.397	0	0	3	1	103
86.523	0	1	3	0	81
220.693	1	1	2	1	106
146.569	0	0	3	0	95
187.816	1	0	3	0	97
180.888	1	1	5	1	115
194.361	0	0	2	0	84
145.836	1	0	1	1	114
144.879	0	0	4	1	85
205.42	0	0	5	0	93
140.391	0	0	3	0	96
186.397	1	0	1	0	98
209.099	1	0	2	0	106
192.434	0	0	4	0	117
122.297	0	0	1	1	110
268.81	0	1	3	1	117
274.186	1	1	3	1	112
192.852	0	0	2	1	99
137.593	0	0	3	1	84
202.896	1	1	3	1	83
151.343	0	0	1	0	110
205.867	0	1	1	0	111
208.201	1	1	5	0	90
140.361	1	0	2	0	86
146.719	0	0	1	1	94
117.374	0	0	3	0	91
112.793	0	0	4	0	80
155.554	1	0	4	1	111
190.407	1	0	3	1	104
148.166	0	1	5	1	80
111.607	0	0	1	1	83
141.515	0	0	1	0	84
184.956	1	0	2	0	111
89.708	0	0	2	1	86
172.219	1	0	3	0	104
214.873	0	0	1	1	116
126.143	0	1	4	0	87
209.857	1	1	5	1	108
168.243	1	1	4	0	103
99.47	0	0	1	0	81
211.544	0	0	5	1	98
188.361	0	0	3	1	99
135.791	0	1	2	1	105
144.974	0	0	3	1	107
163.416	0	0	1	0	99
147.272	1	1	1	0	100
216.671	0	0	4	0	110
174.918	0	0	2	0	97
206.464	0	0	1	1	107
281.592	0	1	1	1	118
141.59	0	1	2	0	116
180.09	1	1	3	0	115
164.833	0	0	4	1	112
130.716	1	0	4	1	99
115.818	0	0	4	0	83
113.033	1	1	1	0	88
145.068	0	1	4	0	85
150.216	0	0	5	1	85
165.482	1	1	1	1	101
188.341	0	1	2	1	109
168.871	0	0	3	1	84
193.506	0	0	2	0	99
157.926	0	0	3	0	109
213.884	0	0	4	1	97
211.967	0	1	2	0	108
142.85	1	1	1	0	95
183.539	0	0	5	1	83
123.903	0	1	4	0	82
211.629	0	0	3	0	113
212.594	1	1	1	1	122
232.114	0	1	2	1	117
176.809	0	1	5	0	109
128.063	0	0	4	0	86
156.519	0	0	3	0	90
96.288	1	0	1	0	80
263.637	1	0	4	0	106
163.987	1	0	4	0	114
179.301	0	0	3	1	121
147.808	0	1	2	0	108
249.132	1	1	3	0	89
157.393	0	0	2	1	89
214.403	0	0	2	0	111
178.772	0	0	1	0	119
162.934	1	0	3	0	84
195.381	0	0	5	1	120
145.827	0	0	4	0	114
160.396	0	0	3	0	119
148.708	1	1	4	1	100
151.472	0	0	3	0	103
105.867	0	1	1	1	84
219.674	0	0	3	1	98
192.314	0	0	4	0	119
160.797	0	0	3	0	93
153.965	0	1	3	0	100
226.844	0	0	4	1	116
118.359	0	0	5	0	93
304.169	1	0	4	1	119
149.78	0	0	1	0	91
179.162	1	1	3	0	107
177.917	0	0	5	0	107
187.661	0	0	5	0	105
181.466	1	1	1	0	111
179.565	1	0	2	0	97
169.045	0	1	3	0	83
230.913	0	0	4	0	108
136.565	0	1	1	1	119
136.113	0	0	5	1	91
182.938	0	0	4	1	108
106.751	1	0	1	0	80
216.016	0	0	2	1	104
117.125	0	1	3	0	86
229.28	1	1	4	0	119
266.796	1	1	4	0	117
115.392	0	1	1	1	82
109.659	0	0	1	1	92
155.73	0	0	5	0	85
179.751	0	0	4	1	112
192.944	0	0	2	0	103
215.439	1	0	3	1	113
154.933	0	0	5	0	87
208.248	1	0	2	1	92
158.895	1	1	1	1	99
236.722	0	0	5	1	95
155.198	1	0	5	1	117
169.986	0	1	5	1	84
191.773	0	0	5	1	103
171.537	1	1	3	0	93
193.728	0	1	2	0	115
199.429	1	1	5	1	109
109.401	0	1	3	1	100
353.88	1	1	1	1	112
168.778	1	0	1	0	99
254.446	0	0	3	0	90
196.051	0	0	4	0	99
151.66	0	0	3	0	117
158.065	0	1	1	0	91
199.494	0	1	4	0	119
178.209	1	1	5	1	110
242.787	0	0	5	1	120
255.597	0	0	4	1	95
174.393	0	1	2	0	105
161.807	1	1	4	1	81
154.724	1	1	2	0	83
223.565	0	0	4	0	119
153.748	0	1	1	0	108
250.262	1	0	5	0	121
193.72	1	0	1	0	118
140.521	0	1	5	0	99
175.111	0	1	5	0	116
331.152	1	0	5	1	119
137.391	0	1	5	1	83
178.17	1	0	3	1	90
215.558	0	0	5	0	110
198.01	0	0	1	0	97
174.112	0	0	2	1	115
228.491	0	0	5	1	90
150.898	0	1	4	1	103
262.827	0	0	3	1	110
80.946	0	0	2	1	90
181.295	1	1	5	0	113
202.106	1	1	3	0	117
316.774	1	0	5	0	105
175.91	0	0	4	1	111
201.314	0	1	4	0	108
145.575	0	0	2	1	98
157.501	0	0	4	0	87
190.343	0	1	3	1	97
123.339	0	1	2	1	84
164.129	0	0	5	0	107
211.291	1	0	4	1	115
155.078	0	1	2	0	100
136.617	0	1	3	0	106
153.976	0	0	5	1	87
179.872	0	0	2	0	110
141.328	1	1	3	1	115
176.154	1	0	5	0	96
163.96	0	0	3	0	92
188.707	0	0	3	0	107
194.608	1	0	1	1	102
170.876	0	0	5	1	117
141.254	0	0	1	0	81
176.953	1	0	5	0	113
237.748	1	1	2	0	108
182.839	0	0	1	1	100
215.114	0	1	1	0	111
99.067	1	0	1	0	90
199.821	0	1	1	1	89
125.252	0	1	3	0	83
145.164	0	0	3	0	118
181.714	0	0	4	1	102
144.242	1	0	2	0	88
201.156	0	0	3	1	109
301.991	1	0	1	1	121
137.21	0	0	1	0	92
159.906	1	0	1	1	117
180.926	0	1	4	0	112
112.481	0	0	5	1	82
128.057	0	0	4	0	99
200.614	0	0	5	1	103
113.955	0	0	1	1	91
112.125	0	0	5	1	84
180.413	0	1	1	0	106
200.357	0	0	1	1	91
142.411	0	1	1	0	102
235.851	0	0	4	1	104
128.555	1	1	1	1	96
179.98	1	1	1	0	86
131.791	0	0	1	1	91
164.038	0	0	1	0	84
142.568	0	0	5	0	89
228.877	1	0	1	1	118
119.244	0	1	1	1	100
160.69	0	0	1	1	93
113.447	0	1	1	1	99
215.237	0	0	5	0	113
174.983	0	1	5	0	95
200.291	1	0	4	1	83
120.666	0	0	1	0	91
171.762	1	0	1	1	118
208.709	0	0	3	1	106
146.628	0	1	3	0	103
153.65	0	0	2	1	83
149.282	0	1	3	0	85
164.236	0	0	5	1	120
121.208	0	1	3	1	88
163.434	0	0	3	1	91
174.667	1	0	5	0	94
103.606	0	0	5	0	98
159.462	0	1	5	0	88
149.244	1	0	3	1	96
103.822	1	1	3	0	89
206.374	1	0	5	1	87
130.763	0	0	3	0	93
149.002	0	0	5	0	97
180.123	0	0	3	1	103
193.517	0	0	5	0	103
232.274	0	0	4	1	112
139.457	0	0	2	1	98
123.099	0	0	5	1	89
209.44	0	0	2	1	95
162.399	1	1	5	0	85
179.208	0	0	4	1	120
144.116	0	1	2	0	108
138.799	1	0	3	1	108
177.093	1	0	3	1	113
134.205	0	0	2	0	113
137.585	0	1	3	0	81
181.113	0	1	4	0	91
256.856	0	0	5	1	122
187.053	0	0	2	0	115
125.365	0	0	4	1	81
211.247	0	0	4	0	100
251.018	0	0	3	1	122
140.495	0	0	5	1	81
181.392	1	0	1	1	97
196.848	1	0	3	1	108
95.138	0	0	4	0	95
158.574	1	1	3	1	89
179.528	1	1	3	1	89
187.279	1	1	2	1	110
123.336	0	0	5	0	80
226.455	0	0	4	1	107
146.064	0	0	1	1	113
105.672	0	0	2	1	80
232.665	1	0	4	1	118
218.255	1	0	3	0	101
187.62	0	0	4	1	102
207.643	0	1	5	1	96
187.883	1	0	1	1	116
168.623	1	1	2	1	112
242.258	1	1	1	0	106
171.975	0	0	1	0	86
147.419	0	0	1	0	81
117.866	0	0	2	0	81
190.738	1	0	3	1	94
151.254	0	1	2	1	83
152.873	0	0	5	0	112
151.681	0	0	4	1	87
172.984	0	1	2	1	102
126.672	1	1	1	0	90
138.674	0	0	1	0	100
133.376	0	0	2	0	91
191.606	1	0	1	1	114
164.319	0	1	3	0	100
341.235	1	0	5	0	121
183.748	0	0	3	0	101
259.265	1	1	3	1	116
160.682	0	0	5	0	113
163.536	0	0	5	0	80
229.126	0	0	2	0	120
179.596	1	0	4	0	100
177.009	0	0	5	1	119
208.902	0	0	4	0	118
225.151	0	0	5	0	95
352.172	0	1	1	1	122
152.062	0	0	5	1	113
149.392	1	0	4	0	84
165.219	0	0	5	0	94
110.569	0	0	5	0	92
129.944	1	0	3	0	80
142.323	0	0	3	1	84
203.555	0	0	3	1	112
179.816	0	1	3	0	93
148.661	0	0	2	0	120
125.646	1	0	2	0	85
267.008	1	0	5	1	113
151.182	1	0	1	0	94
198.35	1	1	1	1	107
173.884	0	0	4	1	107
244.125	1	1	5	1	104
187.081	1	1	5	0	108
195.529	0	1	5	1	87
141.136	1	0	1	0	84
131.347	0	1	3	1	81
159.663	1	0	4	1	89
188.288	0	1	4	0	113
180.186	0	0	5	1	92
131.606	0	1	2	1	88
229.921	1	1	5	1	104
203.787	0	0	2	1	122
143.417	0	1	4	0	90
140.711	0	0	5	0	88
172.342	1	0	5	1	80
196.405	0	0	5	1	105
122.567	0	0	4	0	96
137.253	1	0	4	1	90
208.014	0	1	4	1	122
171.435	1	0	1	0	90
237.804	0	0	3	1	119
193.518	0	0	5	0	94
175.809	0	1	2	0	114
143.911	1	1	2	1	111
216.065	0	1	4	0	121
189.44	1	0	4	0	97
171.797	0	0	3	0	109
199.435	0	1	3	0	117
125.28	0	1	5	0	97
152.896	0	1	1	1	98
146.133	0	0	5	0	81
214.933	1	0	1	1	105
116.554	0	0	4	1	81
107.763	0	0	1	0	98
138.628	0	0	1	1	95
137.595	0	0	5	1	111
116.876	0	1	4	1	88
131.493	0	0	5	0	103
199.237	1	0	3	1	91
152.12	1	0	3	0	112
111.185	0	0	1	0	80
130.511	0	1	2	0	94
133.06	0	0	4	1	89
175.027	1	0	2	0	112
191.423	1	0	3	0	119
297.394	1	0	3	1	114
190.827	0	1	5	1	106
181.612	0	0	2	1	106
130.971	1	1	1	1	83
124.61	0	0	2	1	102
90.45	0	0	2	0	95
194.233	1	0	1	0	121
154.723	0	1	2	1	120
206.133	0	0	3	1	119
212.126	1	0	2	1	122
166.286	1	0	2	0	84
144.748	1	0	1	0	81
171.261	0	0	3	0	87
229.039	1	1	4	0	103
183.031	0	1	3	1	112
101.884	0	1	3	1	101
164.622	1	0	1	0	96
226.644	1	0	3	0	109
256.904	1	0	4	0	98
164.09	0	1	1	0	110
177.798	0	1	5	1	112
202.493	0	0	1	0	116
81.728	0	1	1	0	96
158.147	0	1	3	0	107
163.144	0	0	1	1	90
168.431	1	0	5	1	111
126.411	0	0	1	0	85
205.289	1	0	4	1	92
144.413	1	0	5	0	109
183.297	0	1	1	1	113
138.942	1	1	1	1	95
153.624	0	1	1	1	100
111.75	1	0	3	0	106
129.901	0	0	2	0	80
167.696	0	0	4	0	85
234.983	0	0	4	0	118
183.03	0	0	2	0	121
119.497	1	0	2	1	82
166.305	1	0	5	0	90
153.49	1	0	1	1	96
152.672	1	0	1	1	104
150.326	0	0	2	1	108
218.729	0	1	1	1	119
201.031	1	0	5	1	81
174.995	1	1	1	1	83
129.037	0	0	3	1	83
120.015	0	0	1	1	91
151.182	0	0	1	0	111
222.495	1	1	2	1	122
206.269	0	0	5	1	97
203.374	0	0	4	1	118
139.779	0	0	1	1	104
158.025	1	0	3	0	82
206.704	0	0	5	0	114
128.444	0	0	2	1	92
176.764	0	0	5	1	81
185.55	0	0	2	0	108
148.451	0	0	1	0	99
152.27	1	1	1	0	117
164.272	0	1	4	1	98
175.527	1	1	4	1	101
165.693	1	0	4	1	107
150.895	0	0	4	0	116
128.493	0	0	2	0	81
171.023	1	1	5	1	102
194.415	0	0	5	0	114
152.862	0	1	5	0	103
148.73	0	1	3	0	112
176.867	0	0	2	0	115
180.96	0	0	1	0	101
141.989	0	0	1	1	90
227.323	0	0	4	0	89
211.747	1	1	5	1	115
129.326	1	0	3	0	101
150.921	1	0	5	1	94
228.611	1	0	4	1	117
152.666	0	0	3	0	109
205.776	1	1	1	0	118
160.163	0	0	2	0	116
155.457	1	0	2	1	80
142.691	0	1	1	1	106
119.908	1	1	2	0	93
140.15	0	0	3	1	84
204.658	0	0	3	0	109
241.918	1	1	2	1	97
169.005	1	0	4	0	94
169.052	0	0	4	0	101
122.53	0	0	5	1	106
119.676	0	0	4	1	93
174.425	0	0	5	1	80
143.187	0	0	2	1	90
218.476	0	0	4	0	119
186.477	0	1	3	0	106
194.603	0	0	4	0	106
106.518	0	0	5	1	80
140.769	1	0	2	0	96
197.34	0	0	5	0	98
134.505	0	1	2	1	100
256.009	1	1	5	1	104
143.938	1	0	4	1	116
211.921	0	0	3	1	121
133.068	0	0	5	1	98
162.52	0	0	1	1	114
145.679	0	1	2	0	122
128.172	1	0	2	0	88
154.718	0	0	3	0	86
201.27	1	0	4	0	110
239.344	0	0	5	1	105
161.316	1	1	5	1	82
123.402	0	0	3	1	80
174.799	1	0	4	1	110
179.411	0	0	1	1	122
173.154	1	0	4	1	109
159.141	0	0	1	0	94
174.447	0	0	4	1	96
106.272	0	0	1	0	90
106.836	0	0	4	0	95
181.461	0	0	4	1	119
202.072	1	0	3	0	114
168.481	1	1	1	1	92
257.428	0	0	5	0	112
92.354	0	0	2	0	82
204.785	0	0	5	0	112
184.174	1	0	4	1	97
136.587	0	1	1	0	94
165.521	0	0	4	0	119
164.604	1	1	1	1	101
187.442	0	0	3	0	121
130.94	0	1	4	0	91
156.4	0	1	4	0	101
129.903	0	0	4	0	87
107.399	0	0	1	0	98
147.071	0	0	2	0	111
142.835	0	0	3	1	83
195.301	0	0	2	0	107
162.154	0	1	3	0	118
142.671	1	0	3	0	92
158.351	0	0	3	1	84
152.154	0	0	2	0	113
161.681	1	0	3	1	99
290.747	0	0	4	1	115
242.352	0	1	5	1	116
243.179	1	0	1	0	115
186.038	0	1	4	1	118
141.945	1	0	3	0	110
165.23	0	1	3	0	95
136.65	0	0	3	1	94
177.191	1	0	2	0	108
138.755	0	0	2	1	83
123.796	1	0	1	1	99
167.039	0	0	4	1	111
273.321	1	0	4	0	106
170.713	0	1	5	0	105
144.423	0	0	5	1	80
111.087	0	1	5	1	91
165.581	0	0	3	0	107
218.293	0	1	3	1	105
188.543	0	0	4	0	87
176.439	0	0	5	1	107
275.431	0	0	3	1	117
129.589	0	0	2	1	80
120.928	0	0	3	1	86
192.348	0	0	5	1	107
194.021	1	0	3	0	80
190.674	0	0	4	0	122
186.786	0	0	5	1	80
173.057	0	1	2	0	88
195.067	1	1	1	1	116
189.622	0	0	5	0	110
223.395	1	1	1	1	115
140.817	0	0	5	1	99
270.146	1	0	1	0	113
208.396	0	0	4	1	84
153.372	1	1	4	0	89
207.271	1	0	5	0	122
217.423	0	0	1	0	108
103.612	0	1	4	0	85
163.845	0	1	5	0	87
176.24	0	1	1	0	118
254.604	0	1	2	1	99
129.539	0	0	4	0	87
135.503	1	0	5	0	89
255.105	1	1	3	0	107
263.879	0	0	4	1	113
130.196	0	0	4	0	98
165.684	1	0	1	0	91
142.504	0	0	1	1	116
204.434	1	1	2	1	106
200.454	1	0	4	1	113
163.464	0	0	5	1	97
204.57	1	0	1	1	108
205.26	0	0	3	0	116
118.66	1	0	1	0	108
258.157	0	0	3	1	111
178.864	0	0	3	1	102
127.098	0	0	1	0	86
104.6	0	1	1	0	86
111.565	0	1	1	1	90
230.271	0	0	5	1	110
160.518	1	0	1	1	96
118.908	0	0	4	1	82
214.351	1	1	3	0	107
141.401	0	0	2	0	122
126.412	0	0	3	1	84
189.625	0	1	4	1	105
176.92	0	0	1	0	95
188.393	0	1	3	1	113
281.534	0	0	5	0	117
218.702	1	0	5	1	100
143.302	0	0	3	0	99
188.58	1	0	5	0	89
89.531	0	1	2	0	93
227.586	1	1	5	0	116
186.885	0	0	5	0	121
210.536	0	0	4	1	109
267.047	1	0	3	0	107
157.505	0	0	1	0	120
155.62	1	0	3	0	85
221.154	0	0	1	1	119
193.943	1	1	3	1	98
251.83	0	0	2	0	114
148.082	0	0	3	0	81
195.675	0	0	1	1	100
165.012	0	0	5	0	92
143.718	0	0	1	0	92
152.336	1	1	1	0	93
297.429	1	0	5	0	106
149.343	1	0	1	0	106
155.526	0	0	5	0	88
141.424	0	0	2	1	87
112.958	1	0	3	1	87
190.081	1	1	5	0	109
120.609	0	1	5	1	82
236.096	0	0	3	0	114
189.272	1	0	5	1	119
169.418	0	0	5	0	85
120.46	0	0	2	1	100
155.789	1	1	2	0	118
222.659	1	0	3	0	101
230.656	0	0	3	0	112
117.981	0	0	5	0	93
239.497	0	0	5	1	114
224.155	1	0	4	1	114
148.873	0	1	1	1	84
111.326	0	0	1	1	114
154.765	0	0	1	1	112
146.38	0	1	2	0	111
254.843	1	0	1	0	113
130.993	0	0	2	1	113
137.906	0	0	3	1	113
160.758	0	1	4	0	84
179.574	1	0	1	0	93
160.33	0	0	4	0	86
237.789	0	0	5	0	120
280.325	1	0	5	0	115
152.283	0	0	5	0	91
159.941	0	0	1	1	119
209.586	0	0	4	0	122
157.806	0	0	4	1	82
123.576	0	0	2	0	96
157.036	0	0	1	0	104
212.165	1	0	2	1	107
103.979	0	0	5	0	98
227.61	0	1	2	1	105
162.828	1	0	1	0	95
201.913	0	1	4	1	98
126.204	0	0	3	0	81
195.567	0	0	4	0	108
170.951	1	0	4	1	101
221.163	1	0	4	1	118
189.05	1	0	4	0	91
147.214	0	0	1	0	88
142.128	0	1	3	0	89
184.351	1	0	2	1	110
202.472	0	1	4	1	96
197.98	0	0	5	0	113
199.514	1	1	3	0	92
142.79	0	0	4	0	85
200.152	0	0	4	0	101
134.007	0	0	2	0	92
209.628	1	0	5	0	109
192.592	0	0	4	1	94
123.278	0	0	3	0	95
189.128	0	1	5	1	109
186.79	0	1	2	1	116
226.795	0	0	1	1	94
189.922	1	0	4	1	88
162.885	0	1	4	0	100
230.194	1	1	4	1	109
184.498	1	0	2	0	109
156.869	0	0	2	1	89
118.426	0	1	5	0	100
174.715	0	1	4	0	92
190.788	0	0	3	0	117
128.206	0	0	3	1	81
172.586	0	0	5	0	107
254.244	0	0	2	0	111
152.109	1	0	2	0	105
153.239	0	0	4	1	98
179.614	0	0	3	0	111
170.445	1	1	1	1	119
190.309	0	0	4	0	114
164.932	0	0	5	0	81
217.991	0	0	4	1	111
240.134	1	0	4	1	114
202.004	0	0	3	1	105
183.69	0	0	3	0	122
185.98	0	0	4	0	103
130.882	1	0	1	0	83
118.883	0	0	2	1	81
161.841	0	0	5	0	100
112.206	0	0	3	1	83
97.215	0	1	5	1	96
181.374	0	1	5	0	114
292.539	0	0	5	0	119
120.797	0	1	2	1	86
136.472	0	0	2	0	96
155.032	0	0	2	1	118
228.477	1	0	5	0	119
138.582	0	0	2	1	94
262.702	0	0	5	0	109
155.979	0	1	1	0	91
183.445	0	0	5	1	113
162.782	0	0	4	1	87
127.702	0	1	4	0	119
113.035	0	1	5	0	100
118.739	0	0	4	0	95
202.139	1	1	1	1	121
183.088	0	0	4	1	119
145.95	1	0	2	1	90
159.055	0	0	5	0	99
178.044	0	1	2	0	100
171.069	0	1	4	0	103
280.652	1	0	4	0	99
176.34	0	1	4	1	98
139.615	0	0	1	1	104
270.573	0	1	3	0	110
218.12	0	0	4	0	113
159.737	0	0	2	1	120
191.032	1	1	1	1	110
176.04	0	0	1	1	100
202.029	1	0	2	0	113
222.87	0	0	2	1	117
219.321	0	0	2	0	105
124.885	1	0	1	0	109
169.755	1	0	2	1	82
168.648	0	0	2	1	91
174.683	0	1	5	0	98
245.022	1	0	2	1	116
147.068	0	0	2	0	108
150.872	0	1	4	0	82
175.295	0	0	1	1	115
130.704	0	1	3	1	85
140.557	1	0	1	0	102
231.91	0	0	5	0	109
135.435	0	0	4	0	116
209.238	0	0	2	1	100
196.936	1	0	3	0	100
288.897	1	1	3	1	103
140.624	0	1	2	0	97
329.644	1	0	4	1	111
125.883	0	0	2	1	91
164.09	0	1	3	1	113
192.467	1	0	2	0	87
277.389	0	1	3	0	109
115.994	0	0	5	0	85
171.919	0	0	2	1	120
188.501	0	0	4	1	105
230.238	0	0	3	0	107
174.587	0	0	3	0	99
173.285	0	0	2	0	114
200.791	1	0	3	1	110
103.622	0	1	3	1	93
136.942	0	0	5	0	84
147.141	0	1	2	1	112
150.289	0	0	4	1	80
183.493	0	0	4	1	96
168.213	0	1	5	0	122
170.168	0	1	1	1	89
218.024	0	1	4	0	96
205.75	0	1	3	0	116
126.456	0	0	1	0	84
163.527	0	0	3	1	99
202.576	1	0	4	0	108
189.987	1	1	4	1	86
170.183	1	0	1	1	84
186.878	0	1	2	1	88
186.363	0	0	3	1	81
255.041	0	1	2	1	107
143.847	0	0	4	1	94
152.572	1	0	2	0	101
84.442	0	0	3	1	98
265.328	1	1	3	1	121
219.637	0	0	4	1	99
165.804	0	0	3	0	93
187.555	1	0	5	1	94
134.964	0	0	4	1	90
150.761	1	0	1	1	101
214.81	0	0	3	0	114
240.362	0	1	1	1	91
179.598	1	1	5	1	91
208.615	0	1	3	1	112
187.771	1	0	3	0	101
87.995	0	1	1	0	89
194.079	1	0	4	1	122
243.651	1	0	5	1	86
238.442	1	0	2	1	120
95.327	0	0	4	0	84
193.153	1	1	5	1	93
120.151	0	1	2	1	90
149.547	1	0	2	0	116
209.557	1	0	3	1	83
161.541	1	0	1	0	101
133.806	0	0	5	0	83
207.058	0	0	1	0	111
103.59	1	1	2	0	87
200.676	0	0	5	0	122
126.344	1	0	2	0	105
129.12	0	0	3	1	113
149.139	0	1	2	0	100
182.139	0	0	5	0	100
266.591	1	1	4	1	119
168.073	0	0	1	1	121
160.777	0	0	3	1	86
201.103	0	1	1	0	101
80.46	1	0	2	0	98
165.551	0	0	1	1	92
140.892	0	1	2	1	103
217.137	0	0	3	1	104
123.332	0	0	3	0	106
112.947	0	1	1	0	82
252.417	0	1	2	0	114
133.798	0	0	4	1	94
305.7	1	1	1	0	111
114.689	1	0	1	1	86
220.305	0	1	5	0	122
108.705	0	0	2	0	95
117.731	1	0	2	0	101
233.347	0	0	4	0	122
118.401	0	0	4	1	95
161.326	1	0	1	0	95
161.712	0	0	1	1	102
256.389	0	0	2	0	100
141.005	0	0	2	1	109
178.962	0	0	4	0	98
234.924	0	0	5	0	118
149.265	0	0	5	1	94
176.376	1	0	1	0	96
231.912	0	0	3	0	120
174.409	1	1	5	0	99
140.756	0	0	5	1	92
118.277	0	0	2	0	80
162.045	1	1	5	0	109
153.38	0	1	4	0	98
172.562	1	0	5	0	97
161.2	0	0	5	0	96
203.225	0	1	4	0	89
244.687	0	0	1	0	115
156.956	1	0	4	0	87
167.629	0	0	1	0	105
150.993	0	0	3	1	106
213.15	0	1	5	1	121
156.718	1	0	5	0	101
138.639	0	0	2	1	80
205.901	0	1	3	0	107
137.817	1	0	2	1	92
166.623	0	0	4	1	88
221.83	0	0	5	1	121
194.986	0	1	4	0	117
129.263	0	1	2	0	82
179.511	0	0	3	0	93
189.63	0	0	3	1	117
212.158	1	1	1	1	98
154.751	0	0	2	0	94
253.673	1	0	4	1	112
155.435	1	1	1	1	105
225.504	0	0	5	1	117
166.48	0	0	3	1	89
258.722	0	0	2	0	100
129.132	0	0	3	1	118
125.507	1	0	5	1	90
96.455	0	0	5	1	85
205.598	1	1	5	1	112
228.492	1	0	3	1	107
192.893	0	1	4	1	98
193.774	0	1	5	0	105
122.332	0	0	2	0	84
203.006	1	0	5	1	103
170.256	0	0	3	0	81
226.739	0	0	3	0	84
194.499	1	0	4	1	112
136.149	1	0	1	0	97
208.889	1	0	1	0	114
222.637	1	0	3	1	99
125.563	0	1	2	1	111
195.809	1	0	4	0	96
213.624	1	0	2	0	122
201.966	1	0	2	0	93
117.986	0	0	3	1	95
152.697	0	0	2	1	90
133.597	1	0	1	1	101
152.138	0	0	5	1	90
156.221	0	1	5	0	83
156.337	1	0	2	0	97
134.905	0	0	2	0	98
143.734	1	0	2	1	86
179.233	1	1	4	0	105
180.426	0	1	4	1	92
184.506	0	0	1	1	102
169.534	0	1	5	0	85
183.808	0	0	4	1	83
176.281	0	0	3	1	83
153.69	0	0	3	1	90
232.468	0	0	3	0	117
204.095	0	1	5	1	103
208.665	1	0	3	0	104
184.551	0	0	3	0	101
160.261	0	0	5	1	98
157.802	0	0	3	0	84
286.202	1	1	4	1	112
160.401	0	0	3	1	119
164.623	1	0	3	1	109
136.057	0	0	3	1	83
168.521	0	0	4	0	83
142.645	0	1	4	0	86
153.156	0	0	1	0	95
149.811	0	0	5	1	85
148.907	1	0	5	0	81
104.694	0	1	5	1	87
161.988	1	0	1	0	102
173.618	0	0	4	1	107
128.761	0	0	5	1	84
195.148	0	0	5	0	111
192.229	0	0	5	0	113
110.275	0	0	4	0	88
156.6	0	0	1	1	98
209.824	1	0	5	0	95
171.693	0	0	2	1	91
128.078	1	1	1	0	87
177.95	1	0	4	0	98
163.795	1	0	3	1	106
133.893	0	0	3	0	86
195.447	1	0	1	1	121
214.025	0	0	1	1	116
129.884	0	0	3	0	91
222.466	1	1	4	0	118
173.679	1	0	4	1	93
133.357	0	0	4	1	85
190.131	0	0	1	0	83
194.094	0	0	5	1	97
145.458	0	0	1	0	89
148.635	0	0	3	1	113
184.371	0	0	1	1	115
196.017	1	1	4	1	117
202.813	0	0	4	1	101
149.968	0	0	5	1	116
161.646	0	0	4	0	86
183.936	1	0	3	1	97
176.457	0	0	2	1	114
196.786	1	0	1	1	113
119.747	0	1	1	0	83
240.56	1	0	2	0	104
167.901	0	1	4	1	93
130.077	0	0	2	0	119
142.328	0	1	1	0	105
177.032	0	0	5	1	117
132.442	1	1	2	1	97
177.65	0	0	3	1	122
111.634	0	0	4	0	88
150.532	0	1	5	0	80
152.246	1	1	3	0	80
153.345	0	0	2	0	117
287.778	0	1	1	0	122
156.297	0	0	4	1	86
203.12	0	0	5	0	106
266.273	1	1	5	1	117
161.584	0	1	3	0	111
163.35	0	0	1	0	93
187.449	0	0	5	1	122
205.547	0	0	4	0	113
126.399	0	0	1	1	81
137.1	1	1	1	1	98
102.839	1	0	3	1	83
108.459	0	0	3	1	80
171.909	0	0	3	0	113
259.112	1	0	2	1	117
230.921	1	0	4	0	106
166.206	0	0	5	0	85
189.563	0	0	3	1	117
220.185	0	0	4	0	108
218.298	0	0	3	1	111
113.752	0	0	3	1	83
248.992	0	0	5	0	105
121.692	0	0	3	1	81
165.989	0	0	1	0	121
156.777	0	1	4	1	90
183.581	0	0	1	0	106
186.875	1	0	3	1	84
188.134	0	0	4	0	89
153.949	0	0	2	1	115
289.782	0	0	2	0	122
135.97	0	1	1	1	100
193.368	1	0	4	1	114
185.427	1	0	5	0	103
190.913	1	0	5	1	118
192.223	0	1	5	1	100
185.482	1	0	5	0	97
132.995	0	0	1	1	97
198.991	1	1	3	0	122
157.035	0	0	4	1	85
189.403	0	1	5	1	112
161.612	0	0	2	0	87
132.81	0	1	1	0	106
170.604	1	0	2	1	113
119.695	1	0	2	0	83
170.915	0	1	4	1	101
164.313	1	0	3	0	116
179.693	0	0	5	1	114
166.853	0	1	3	0	93
152.681	0	0	1	0	99
233.089	1	0	1	1	118
191.513	0	0	1	0	108
190.357	0	0	1	0	105
124.206	0	0	5	1	80
181.317	0	0	1	0	109
138.539	0	0	4	0	96
150.59	0	1	2	1	96
224.009	1	0	4	1	116
193.176	1	0	5	0	120
171.576	1	0	3	0	98
211.838	0	1	2	0	118
182.038	0	0	5	1	95
222.273	0	1	3	0	112
128.067	0	1	4	1	114
185.419	0	1	1	0	107
146.196	0	0	4	1	107
152.627	0	0	2	1	89
146.312	0	0	3	1	115
163.395	0	0	1	1	98
143.612	0	0	1	1	96
174.144	0	0	5	1	103
169.677	1	0	5	1	92
113.304	1	0	1	1	83
177.929	0	0	2	0	85
209.277	0	0	4	1	111
205.559	1	1	4	1	86
148.402	0	1	1	1	96
121.799	1	1	1	0	80
182.587	0	0	2	1	82
238.693	1	0	4	1	108
153.401	0	0	2	0	114
147.874	0	0	3	0	103
145.419	1	1	2	0	93
108.064	1	1	5	0	93
251.214	1	0	4	1	119
131.535	1	0	4	0	96
163.485	0	1	2	0	90
112.007	0	0	4	0	80
157.735	0	0	4	1	112
185.695	0	0	5	1	104
200.554	0	1	4	1	85
195.971	0	0	3	0	92
138.255	1	1	3	0	102
205.816	1	0	3	1	106
184.326	1	0	3	1	106
258.001	0	0	4	1	119
158.279	1	0	1	1	115
113.877	0	1	1	1	97
126.403	0	0	1	0	93
149.627	0	0	1	1	92
215.315	0	0	3	1	104
231.777	1	0	5	1	97
169.955	1	1	3	1	115
237.431	1	0	5	1	105
253.081	0	0	5	1	112
152.192	1	0	2	0	104
221.916	0	0	3	1	111
169.118	0	1	4	1	106
218.936	0	1	5	0	121
161.298	0	1	4	1	119
140.404	0	1	2	1	103
129.213	0	0	2	1	98
235.111	1	1	4	1	101
201.233	1	1	5	0	92
153.337	1	0	2	1	112
192.065	0	1	2	1	120
257.09	0	1	1	0	121
170.518	0	0	3	1	104
196.334	0	1	3	1	93
138.196	1	0	1	1	86
194.239	0	0	2	1	99
153.664	0	0	3	1	99
116.088	0	1	4	1	95
213.908	1	1	2	0	99
219.443	0	1	4	1	119
146.331	0	0	5	1	94
206.414	0	0	2	1	110
211.007	0	0	5	1	110
180.705	1	0	2	0	120
114.587	0	0	2	0	93
163.466	0	1	4	0	84
154.927	0	0	5	0	99
143.43	0	0	3	0	100
179.52	0	0	1	1	111
137.425	0	0	4	0	96
171.908	0	1	1	1	114
180.507	1	0	3	1	116
256.739	1	0	1	0	107
124.934	0	1	1	0	103
152.851	0	0	1	1	110
98.585	0	0	1	0	104
113.03	0	0	3	1	89
208.077	0	0	5	1	99
180.088	0	0	5	1	119
200.045	1	0	5	1	88
282.419	1	0	5	0	109
166.692	0	0	2	0	98
144.984	0	0	3	1	92
154.306	0	0	3	0	113
233.731	0	1	2	1	108
163.61	0	1	3	1	119
168.358	0	0	5	1	80
183.3	1	0	4	1	87
202.8	0	0	2	1	109
161.393	1	1	2	0	92
163.063	1	1	4	0	85
164.193	1	0	2	1	112
222.698	0	1	5	0	117
144.614	0	0	2	0	86
165.189	1	0	4	1	122
209.63	0	1	4	1	118
142.754	0	0	2	0	120
172.121	1	0	5	0	81
173.389	1	0	4	1	89
96.714	0	0	1	0	105
148.558	1	1	2	1	89
327.762	1	0	4	0	110
193.839	0	0	1	1	103
262.876	0	0	5	0	107
149.444	0	0	1	1	104
113.275	0	1	1	0	106
145.475	1	1	1	0	94
220.391	1	1	4	0	108
242.256	0	0	5	1	108
139.122	0	0	5	0	120
204.896	1	0	3	1	116
208.658	0	0	1	0	118
224.973	0	0	5	0	120